building_code,location,major_n,oth_n,nocrim_n,prop_n,vio_n
K001,"40.7608559, -73.987927",0,0,0,0,0
K002,"40.6563887, -73.9514618",0.990739035228747,1.98147807045749,0.990739035228747,1.98147807045749,0.990739035228747
K003,"40.6823068, -73.9552409",0,1.67015900352679,1.67015900352679,0,1.67015900352679
K005,"40.6854939, -73.9223832",0,3.15335970994179,0,0,3.15335970994179
K006,"40.6489827, -73.9562456",0,0,1.12680055051963,0,0
K007,"40.6895935, -73.8729894",0,0,0,0,0
K008,"40.7007275, -73.9928047",0.960341358160058,0,0.960341358160058,0.960341358160058,0
K009,"40.6785844, -73.9663398",0,0,0,0,0
K010,"40.7530692, -73.9886201",0.770374126460026,0,0,0.770374126460026,0
K011,"40.6856228, -73.9658514",0,1.05242888430715,1.05242888430715,1.05242888430715,0
K012,"40.6731183, -73.920067",0,9.21090365269768,2.30272591317442,6.90817773952326,2.30272591317442
K013,"40.6637837, -73.8932587",0,1.71072964208821,6.84291856835286,0,1.71072964208821
K014,"40.5935161, -73.9381931",0,2.01694619190262,4.03389238380524,2.01694619190262,0
K015,"40.7244068, -74.0037985",1.86145459759965,1.86145459759965,0,3.72290919519929,0
K016,"40.7059151, -73.9620676",0,0,7.10168458175873,0,0
K017,"40.7152742, -73.957057",0,0,4.17849400395268,0,0
K018,"40.7108275, -73.9469479",0,0,4.40156482878585,0,0
K019,"40.7099877, -73.9547556",0,0,0,0,0
K020,"40.691059, -73.9710157",0,1.94052905227187,2.91079357840781,0.970264526135937,0.970264526135937
K021,"40.680441, -73.92635",1.32046942895923,2.64093885791846,0,2.64093885791846,1.32046942895923
K022,"40.6770364, -73.9600737",0,2.48558952490945,2.48558952490945,2.48558952490945,0
K023,"40.6944681, -73.9474069",0,2.84545589789261,2.84545589789261,2.84545589789261,0
K024,"40.7562936, -73.9953403",0,0,3.56081632267888,0,0
K025,"40.6914765, -73.940691",0,2.93437648693548,8.8031296575717,0,0
K026,"40.6919757, -73.9314884",1.53654623208568,6.1461849283427,6.1461849283427,3.07309246417135,3.07309246417135
K027,"40.6778469, -74.0048179",0,0,0,0,0
K028,"40.6781614, -73.9202186",0,0,0,0,0
K029,"40.7142589, -73.9810442",0,0,0,0,0
K031,"40.7269875, -73.9541882",0,0,0,0,0
K032,"40.6804309, -73.9917041",0,5.00059427786854,1.25014856946714,5.00059427786854,0
K033,"40.6967257, -73.9473094",0,7.87972438819235,5.90979309437899,1.96993109704809,5.90979309437899
K034,"40.7263917, -73.9498398",0,0,0,0,0
K035,"40.6817075, -73.9357224",0,2.0217712699809,10.1088569402003,2.0217712699809,0
K038,"40.6849644, -73.9828242",0,3.1300015073584,1.5650007536792,3.1300015073584,0
K039,"40.7336167, -73.9995861",0,0,0,0,0
K040,"40.6802016, -73.9214653",0,3.1300015073584,1.5650007536792,1.5650007536792,1.5650007536792
K041,"40.660182, -73.9068734",0,1.6005690286494,1.6005690286494,0,1.6005690286494
K043,"40.5837653, -73.954016",0,0.586061338473206,1.75818391703698,0.586061338473206,0
K044,"40.6862075, -73.9409238",0,3.237932573464,6.47586514692801,0,0
K045,"40.6866584, -73.910178",0,0,0,0,0
K046,"40.6944248, -73.9716268",0,2.63271151146683,2.63271151146683,0,2.63271151146683
K048,"40.6215553, -73.987279",0,0,0,0,0
K049,"40.7097646, -73.9445189",1.72235138630219,2.87058557824857,2.29646858065802,3.44470277260439,1.14823429032901
K050,"40.7118634, -73.9600489",3.69039491406536,0,7.38078982813072,0,3.69039491406536
K051,"40.7484404, -73.9856554",0,0.752538239707549,0,0,0.752538239707549
K052,"40.5874041, -73.9402515",0,0,0,0,0
K054,"40.6926969, -73.952501",3.40766289014102,3.40766289014102,0,6.81532578028204,0
K055,"40.6744933, -73.9132463",4.78810430894358,7.18215685694592,14.3643137138918,4.78810430894358,7.18215685694592
K056,"40.6843355, -73.9605487",0,2.0217712699809,2.0217712699809,2.0217712699809,0
K057,"40.6913962, -73.9331397",0,14.3237359917805,8.18499233261505,8.18499233261505,6.13874405269601
K058,"40.6804297, -73.9956601",0,0.867659600881883,0,0.867659600881883,0
K059,"40.6977036, -73.9433424",0,0,0,0,0
K061,"40.6636762, -73.9490341",3.16122343416487,8.42992968248038,6.32244686832974,4.21496484124019,6.32244686832974
K062,"40.6385738, -73.9712399",0,1.3173817882609,0.658690894130452,0,1.3173817882609
K066,"40.7828679, -73.9438693",0,0,2.07386605717981,0,0
K067,"40.6951434, -73.9778888",7.2230808859416,0,0,7.2230808859416,0
K068,"40.7723574, -73.9466939",1.54497339367426,9.26984036204558,3.08994678734853,3.08994678734853,6.17989357469706
K069,"40.7419383, -74.0046655",0,0,0,0,0
K071,"40.703878, -73.953472",0,8.54870349907548,7.3274601420647,6.10621678505392,2.44248671402157
K072,"40.6695679, -73.8791893",0,1.98147807045749,2.97221720406888,1.98147807045749,0
K073,"40.6806402, -73.9107933",6.4022761145976,6.4022761145976,2.13409197261078,8.5363678904431,2.13409197261078
K075,"40.7333429, -74.0026986",0,0,4.9907505046812,0,0
K078,"40.6207672, -73.9129882",2.18937927639969,4.37875855279937,7.66282766416417,0,6.56813782919906
K081,"40.6929267, -73.9347953",2.60833465505376,0,7.82500396516127,2.60833465505376,0
K084,"40.7149339, -73.963439",0,2.46744638917976,1.23372319458988,2.46744638917976,0
K085,"40.6825734, -73.9692679",7.68273086528046,34.5722885002315,26.8895584220122,15.3654617305609,23.0481933829025
K086,"40.7007483, -73.9176601",0,0,0,0,0
K088,"40.7542684, -73.9882624",0,0.810647895412504,1.2159718185231,0.405323947706252,0.405323947706252
K090,"40.5781983, -73.9801505",0,2.53783916637993,2.53783916637993,0,1.26891958318997
K091,"40.6617922, -73.9404619",1.97453363360012,1.97453363360012,0,3.94906726720024,0
K092,"40.6562705, -73.9541456",0,3.50664093946008,0,1.75332046973004,1.75332046973004
K093,"40.6789073, -73.9465004",0,0,0,0,0
K094,"40.6436734, -74.0087146",0,0.560411410729641,2.24164564291856,0.560411410729641,0
K095,"40.5957569, -73.9748517",0.864110840761146,1.72822168152229,0.864110840761146,2.59233252228344,0
K096,"40.6080429, -73.984972",0,3.97382624177773,5.29843512021382,2.64921756010691,1.32460878005346
K097,"40.6012111, -73.9856403",0,1.02560731773245,0,0,1.02560731773245
K099,"40.6214924, -73.9660062",0,0,0,0,0
K100,"40.5775643, -73.970807",0,0,0,0,0
K101,"40.5975347, -73.9919116",0,0,0.94109181128796,0,0
K102,"40.7694866, -73.9599393",0,0,0.608861957458025,0,0
K104,"40.7644781, -73.9729109",0,0,0.704837713016881,0,0
K105,"40.7583838, -73.9590104",0,0,0,0,0
K106,"40.6938847, -73.9130444",0,0,0,0,0
K107,"40.8008186, -73.9580276",0,1.48003573696353,1.48003573696353,1.48003573696353,0
K108,"40.681272, -73.8843465",0,0.933812578314845,0.933812578314845,0.933812578314845,0
K110,"40.7236698, -73.9419847",0,0,0,0,0
K111,"40.7008178, -73.9275874",1.05374121031005,4.21496484124019,12.6448937366595,2.1074824206201,2.1074824206201
K112,"40.619415, -74.0005724",0,0,1.51180752433153,0,0
K113,"40.6884318, -73.971169",2.99680991198883,4.49521486798325,2.99680991198883,7.49202517350263,0
K114,"40.6425436, -73.9080304",1.40850073734086,1.40850073734086,1.40850073734086,2.81700147468172,0
K115,"40.6348511, -73.8978947",0,0.728534843786796,2.18560453136039,0.728534843786796,0
K116,"40.6980574, -73.9165882",0,1.63779150928815,0,1.63779150928815,0
K117,"40.691991, -73.9583083",0,2.52645865639334,0,2.52645865639334,0
K119,"40.6260353, -73.9387875",0,0,3.94906726720024,0,0
K120,"40.7048111, -74.0123928",0,1.7980859471933,3.5961718943866,0,1.7980859471933
K121,"40.6228761, -73.9787743",0,0,0,0,0
K123,"40.7039048, -73.9225744",0,0,1.04851168120862,0,0
K124,"40.6674919, -73.990697",0,2.44248671402157,0,2.44248671402157,0
K126,"40.7197692, -73.9479681",0,10.6301936203732,21.2603872407464,7.97264560881043,2.65754840509329
K127,"40.6238069, -74.018575",0,0,0,0,0
K128,"40.6049942, -73.9951343",0,0,0,0,0
K130,"40.648959, -73.9758479",0,0,0,0,0
K131,"40.6407837, -73.9933473",0,0,2.92929089163285,0,0
K132,"40.8034139, -73.957643",0,0,0,0,0
K135,"40.6532579, -73.9329753",0,0,0,0,0
K136,"40.65212, -74.0074465",0,0.835905424006016,1.67181084801203,0,0.835905424006016
K137,"40.6822466, -73.9166957",0,2.78911039045371,0,0,2.78911039045371
K138,"40.6739449, -73.9513952",0,0,0,0,0
K139,"40.641322, -73.9658288",0,0.827718316053162,0,0,0.827718316053162
K142,"40.7142326, -73.98103",0,1.88638495473183,1.25758993702701,1.88638495473183,0
K145,"40.7014459, -73.9323011",0,1.07931085782133,1.07931085782133,1.07931085782133,0
K147,"40.7050231, -73.9387071",1.26701715812677,2.53403431625353,3.80105137599766,1.26701715812677,2.53403431625353
K148,"40.699216, -73.9452153",0,0,2.18937927639969,0,0
K149,"40.6693524, -73.8927603",2.41802701942764,0,2.41802701942764,1.20901350971382,1.20901350971382
K150,"40.668635, -73.9050857",0,4.51925368165354,9.03850736330707,4.51925368165354,0
K151,"40.6933707, -73.9082333",0,2.54548310379062,2.54548310379062,0,2.54548310379062
K152,"40.632619, -73.954263",0,0.505745294914514,0.505745294914514,0.505745294914514,0
K153,"40.6011737, -73.9600314",0,0,0,0,0
K154,"40.7715888, -73.9904972",0,1.54497339367426,0,1.54497339367426,0
K155,"40.6776416, -73.9086945",1.60971507217091,1.60971507217091,0,0,3.21943014434181
K157,"40.6953971, -73.9600053",0,1.55922588961757,1.55922588961757,1.55922588961757,0
K158,"40.6725882, -73.8851972",0,0,0,0,0
K159,"40.676117, -73.869676",0,1.02188687990911,0,1.02188687990911,0
K160,"40.6369354, -73.999073",0,0,0,0,0
K161,"40.6659051, -73.9492002",0,0,0,0,0
K162,"40.7068713, -73.9200201",0,0,3.57336325721682,0,0
K163,"40.6069424, -74.0073269",0,1.46464544581642,0,1.46464544581642,0
K164,"40.6371733, -73.985845",0,0,0,0,0
K165,"40.6571963, -73.9109443",0,5.58436418632949,11.168728372659,3.72290919519929,1.86145459759965
K166 ,"40.6596371, -73.8855967",2.65754840509329,7.97264560881043,13.2877432060581,7.97264560881043,2.65754840509329
K167,"40.6695138, -73.9343285",0,1.88218362257592,0,0,0
K169,"40.8266408, -73.9352535",0,0,0,0,0
K170,"40.63037, -74.018707",0.843413593376818,0,0,0.843413593376818,0
K171,"40.685841, -73.869429",0,0,3.384914856676,0,0
K172,"40.6575977, -74.0000943",0,0,0,0,0
K174,"40.6655567, -73.8976406",1.82922169080924,1.82922169080924,1.82922169080924,1.82922169080924,1.82922169080924
K175,"40.6655301, -73.9120609",3.57588342686148,16.6874552049592,9.53568913829729,8.34372760247958,8.34372760247958
K176,"40.6247586, -74.0050738",0,0,0,0,0
K177,"40.608456, -73.9744967",0,0,0,0,0
K178,"40.6752336, -73.9153064",2.11275100762865,2.11275100762865,2.11275100762865,2.11275100762865,2.11275100762865
K179,"40.7273043, -73.9764771",0,0,0,0,0
K180,"40.6265896, -73.9894638",0,0,0.561528496388228,0,0
K181,"40.6480901, -73.9459114",1.71593998657532,1.71593998657532,3.43187997315063,2.57390997986297,0
K183,"40.6599698, -73.9136157",0,3.71472730152623,9.28681805705031,1.85736365076312,1.85736365076312
K184,"40.6602284, -73.9049467",0,1.50910790475588,6.03643161902354,0,0
K185,"40.6236345, -74.0334917",0,0,0,0,0
K186,"40.6111062, -73.9945926",0,0,0,0,0
K188,"40.5767764, -74.0005389",0,3.47063840352753,1.73531920176377,1.73531920176377,1.73531920176377
K189,"40.6654464, -73.9256806",0,2.32170451426258,0.773901488357086,1.54780297671417,0.773901488357086
K190,"40.662265, -73.894749",0,0,5.45226070293174,0,0
K191,"40.6718115, -73.9241962",4.1024292709298,4.1024292709298,0,4.1024292709298,0
K192,"40.6289888, -73.9798624",0,0,0,0,0
K193,"40.6218516, -73.9502828",0,0,2.87449117219586,0,0
K194,"40.5974043, -73.9340849",0,1.80191991858043,1.80191991858043,1.80191991858043,0
K195,"40.580244, -73.9435918",0,3.6743494929345,0,3.6743494929345,0
K196,"40.7087808, -73.9395289",0,0,0,0,0
K197,"40.6125713, -73.9515546",0,0,4.54844144904507,0,0
K198,"40.6373818, -73.9370465",0,0,1.79046699897256,0,0
K199,"40.6165667, -73.9631339",0,1.7460751787669,0,1.7460751787669,0
K200,"40.6029022, -74.0018256",0,0.628794968513505,1.25758993702701,0,0.628794968513505
K201,"40.6187449, -74.0133105",0,0,0.59514112128829,0,0
K202,"40.6662563, -73.8764047",0,1.54497339367426,3.08994678734853,1.54497339367426,0
K203,"40.621911, -73.9257232",0,0,1.08624732568506,0,0
K204,"40.6136795, -74.0063557",0,0,1.42874119413883,0,0
K205,"40.6148257, -73.9869986",0,0,0,0,0
K206,"40.5971351, -73.948515",0,1.79553921423648,0,1.1970260772359,0.598513038617948
K207,"40.613779, -73.9303039",0,0,0,0,0
K208,"40.642701, -73.9309",0,0,0,0,0
K209,"40.5867695, -73.9614784",0,0,1.1704991666608,0,0
K210,"40.672706, -73.9289299",1.40615706614804,5.62462826459217,2.81231413229608,4.21847119844413,2.81231413229608
K211,"40.6431634, -73.8956577",1.35432761692273,6.77163837976156,4.06298294915083,1.35432761692273,6.77163837976156
K212,"40.5874946, -73.9856106",0,0,1.21772391491605,0,0
K213,"40.6600483, -73.8902194",0,0,0,0,0
K214,"40.6763238, -73.8630617",0,0,0,0,0
K215,"40.6024654, -73.9700719",0,0.898087579802952,0.898087579802952,0.898087579802952,0
K216,"40.5901813, -73.9696613",1.30820495097383,0,0,1.30820495097383,0
K217,"40.633626, -73.9662726",0,0,1.34036544814297,0,0
K218,"40.6700636, -73.8745557",0,4.39013197923606,16.4629948237526,1.09753299480901,1.09753299480901
K219,"40.6589959, -73.9224849",0,0,1.49840495599442,0,0
K220,"40.8726649, -73.9115626",0,0.614618473157743,3.68771103571173,0.614618473157743,0
K221,"40.6639361, -73.9360597",0,0,3.98632280440522,0,0
K222,"40.613814, -73.9389991",0,0,0.954915752461895,0,0
K223,"40.6349573, -73.9822565",0,1.16565578941193,0,1.16565578941193,0
K224,"40.6646803, -73.8658509",1.62519312063075,0,0,0,1.62519312063075
K225,"40.5798595, -73.9560852",0,1.85464612554743,2.47286156631833,0.618215391579583,1.23643078315917
K226,"40.615326, -73.9769444",0,0.816522125938106,0,0.816522125938106,0
K227,"40.6218446, -73.9955288",0,1.99472962144589,1.99472962144589,0.664909857418192,1.32981971483638
K228,"40.6008156, -73.9768379",0.659719287841247,1.31943857568249,1.97915781433242,0,1.97915781433242
K229,"40.6105773, -74.0133005",0,0,0.719847017399896,0,0
K230,"40.6453183, -73.9802923",0,0,0,0,0
K232,"40.6586846, -73.9286824",2.41802701942764,14.5081617230353,16.9261881521671,9.67210807771056,6.04506725342119
K233,"40.6514078, -73.9140211",0,0,0,0,0
K234,"40.6044374, -73.9551709",0.878482773226493,2.1962068346836,0.439241386613247,1.75696554645299,0.878482773226493
K235,"40.655042, -73.9406764",0,0,0,0,0
K236,"40.6157564, -73.9123755",0,0,0,0,0
K237,"40.6070076, -73.9868516",0,0,1.06035183487806,0,0
K238,"40.6087872, -73.9645872",0,0,2.88923223631747,0,0
K239,"40.5786601, -73.9923915",0,0,0.650577671538433,0,0
K240,"40.6237984, -73.946824",0,6.76853893314673,5.8016048560587,2.90080242802935,1.93386815417605
K241,"40.6688839, -73.9605414",1.40149323721279,1.40149323721279,1.40149323721279,2.80298647442558,0
K243,"40.6757324, -73.9350819",0,6.500772482523,6.500772482523,3.2503862412615,3.2503862412615
K244,"40.6479176, -73.9256023",0,0,1.15767184160571,0,0
K246,"40.6483647, -73.9534334",4.42460958428587,7.37434930714311,14.7486986142862,4.42460958428587,7.37434930714311
K247,"40.6122494, -73.9872188",0,2.05620538990489,0,2.05620538990489,0
K249,"40.6495549, -73.966506",0,2.81387487445891,0.937958324280516,0.937958324280516,1.87591664856103
K250,"40.7067404, -73.9456643",0,1.18361406416558,4.7344562566623,0,1.18361406416558
K251,"40.6313307, -73.9238402",0,0,1.38768543079142,0,0
K252,"40.6578498, -73.9200323",0,6.73386810459668,0,3.36693405229834,0
K253,"40.5800844, -73.9619463",0,0,0,0,0
K254,"40.5909008, -73.9514896",0,0,0,0,0
K255,"40.6044665, -73.9560036",0,0,0.921592569281642,0,0
K256,"40.6904818, -73.9497101",2.5844050461112,0,5.1688100922224,2.5844050461112,0
K257,"40.7028051, -73.9414858",0,1.24462507304456,2.48925014608913,1.24462507304456,0
K258,"40.6818962, -73.9456107",0,9.56717473057252,12.7562329740967,0,9.56717473057252
K259,"40.6264814, -74.0149914",0,0.572949441638873,0.572949441638873,0,0.572949441638873
K260,"40.6540103, -73.894627",0,0,0,0,0
K261,"40.6871212, -73.9883653",0,0,1.05242888430715,0,0
K262,"40.6830549, -73.9299591",0,1.80963685590821,5.42891056772463,1.80963685590821,0
K263,"40.6662469, -73.9112701",1.34356190003848,1.34356190003848,0,2.68712380007695,0
K264,"40.7790284, -73.9484423",0,0,0,0,0
K265,"40.7508681, -73.9776656",0,10.0368219600134,12.0441866668405,2.00736451006184,8.02945804024736
K268,"40.7584069, -73.9710402",0,0,0,0,0
K269,"40.6376173, -73.9476627",2.20652855072438,0,0,0,2.20652855072438
K270,"40.6896262, -73.9610938",0,0,0,0,0
K271,"40.678113, -73.9152109",1.11343930289031,7.79407482508429,1.11343930289031,4.45375721156126,3.34031800705358
K272,"40.5896342, -74.0979654",0,0,0,0,0
K273,"40.6583219, -73.8790652",0,2.48558952490945,0,0,2.48558952490945
K274,"40.694186, -73.928157",0,0,0,0,0
K275,"40.6557633, -73.9066851",1.41321139641161,5.65284558564645,11.3056911712929,2.82642279282322,1.41321139641161
K276,"40.7725474, -73.9452002",0,2.24164564291856,0,1.12082282145928,0
K277,"40.5958779, -73.9279629",0,1.84923508047963,0,1.84923508047963,0
K278,"40.6066703, -73.9387156",0,3.39057343245999,2.54293007434499,1.69528671622999,1.69528671622999
K279,"40.6440444, -73.8927372",0,0,3.2819434560969,0,0
K281,"40.5944454, -73.9938189",0,1.45832691929944,1.45832691929944,0.729163459649718,0
K282,"40.7260271, -74.0034422",1.81742029989901,3.63484059979801,7.26968119959602,1.81742029989901,3.63484059979801
K284,"40.6669338, -73.9076104",0,1.50910790475588,9.05464762530058,1.50910790475588,0
K285,"40.6474432, -73.9207748",0,3.14163722190692,0,3.14163722190692,0
K286,"40.5911934, -73.938719",7.92281677052064,2.64093885791846,2.64093885791846,10.5637554316738,0
K287,"40.6978606, -73.9810466",12.7402076230239,0,4.24673574316445,12.7402076230239,0
K288,"40.5742699, -73.9924766",0,5.04036053998498,3.36024009763629,3.36024009763629,1.68012004881814
K289,"40.6742397, -73.9423996",0,1.95173306380662,3.90346612761324,1.95173306380662,0
K290,"40.6779316, -73.8897626",1.43969403479979,1.43969403479979,0,2.87938806959958,0
K291,"40.6956477, -73.9154057",0,0,12.2124335701078,0,0
K292,"40.671887, -73.893453",1.21772391491605,6.08861967296289,4.8708956596642,2.4354478298321,4.8708956596642
K293,"40.685159, -73.9936336",0,4.72123126898605,1.18030781724651,2.36061563449303,2.36061563449303
K296,"40.6889221, -73.9103296",0,0,4.92769943342902,0,0
K297,"40.7695057, -73.965469",0,0,0,0,0
K298,"40.671012, -73.9077404",0,0,8.12596589830166,0,0
K299,"40.6909968, -73.9178498",0,2.42149126886268,0,0,2.42149126886268
K397,"40.6587334, -73.9463837",0,0,2.69140265775129,0,0
Q084,"40.7711822, -73.906108",0,2.29646858065802,0,2.29646858065802,0
K302,"40.6769819, -73.8838383",1.07656106310052,5.38280531550259,2.15312212620103,6.4593663786031,0
K303,"40.5827027, -73.9723072",0.786871910958555,0.786871910958555,2.36061563449303,0.786871910958555,0.786871910958555
K304,"40.6937607, -73.9407315",0,0,0,0,0
K305,"40.7124612, -73.9838677",0,0,2.75277000854366,0,0
K306,"40.6552607, -73.8863345",2.70432128189407,8.11296443597803,10.8172851275763,5.40864256378813,5.40864256378813
K307,"40.7017809, -73.981587",0,1.63462368674018,3.26924737348037,0,1.63462368674018
K308,"40.6884471, -73.9352955",0,3.89447198688418,3.89447198688418,3.89447198688418,0
K309,"40.6881193, -73.9244409",0,3.237932573464,9.71379791715729,3.237932573464,0
K310,"40.7602199, -73.9576386",0,0,0,0,0
K312,"40.6220316, -73.9090726",0,0,0,0,0
K313,"40.6946392, -73.9883072",0,1.84117734569522,4.60294346262068,0.920588672847609,0.920588672847609
K314,"40.7598284, -73.9630748",0.435170165495554,0.870340330991108,0.870340330991108,1.30551044729534,0
K316,"40.6745505, -73.9608666",1.37863039120969,1.37863039120969,4.13589117362907,2.75726078241938,0
K317,"40.6800879, -73.9805771",0,0,1.50910790475588,0,0
K318,"40.7032152, -73.9485032",0.525887024735655,0.525887024735655,1.57766102501565,0,1.05177404947131
K319,"40.7096257, -73.953893",0,0,0,0,0
K320,"40.6648781, -73.9595224",1.15925983575915,0,1.15925983575915,0,1.15925983575915
K321,"40.7427361, -73.9969688",0,0.574117145164504,0,0,0.574117145164504
K324,"40.6879384, -73.932378",7.44581839039859,14.8916367807972,14.8916367807972,11.168728372659,11.168728372659
K327,"40.6679799, -73.9120847",1.41321139641161,5.65284558564645,9.89247967649864,2.82642279282322,2.82642279282322
K328,"40.6678169, -73.898173",0,0,0,0,0
K329,"40.5748389, -73.9958066",0,3.7560019662423,1.87800098312115,1.87800098312115,1.87800098312115
K331,"40.6337329, -74.0242199",0,4.08261067888185,1.36087025908816,2.72174051817632,1.36087025908816
K332,"40.6723332, -73.9062254",0,0,5.33186396634686,0,0
K333,"40.6506652, -74.0085124",0,0,4.28984976967302,0,0
K335,"40.6744635, -73.9283815",0,1.95173306380662,9.75866512226782,1.95173306380662,0
K345,"40.6761876, -73.8798861",0,0,1.33296599158671,0,0
K346,"40.6467447, -73.881849",0.914610845404618,0,3.65844338161847,0,0.914610845404618
K356,"40.6652972, -73.9178843",0,0.783225604452641,1.56645120890528,0,0.783225604452641
K364,"40.6464708, -73.8811318",0,2.44248671402157,2.44248671402157,0,0
K366,"40.6474167, -73.891766",0,1.66031523033945,1.66031523033945,1.66031523033945,0
K369,"40.6873433, -73.9832644",2.59233252228344,1.29616626114172,1.29616626114172,0,3.88849898019043
K370,"40.5862329, -73.9703775",0,0,2.4354478298321,0,0
K371,"40.7551274, -73.9944871",15.5349348750233,40.3908297305872,34.1768564102267,34.1768564102267,21.7489081953837
K376,"40.698048, -73.920166",0,2.84067371464433,0,2.84067371464433,0
K377,"40.6938167, -73.9148786",0,0,3.48495032258395,0,0
K380,"40.7018942, -73.9534592",0,0,1.28434716135672,0,0
K383,"40.6976382, -73.9195339",0,3.68235469139044,2.76176611692546,3.68235469139044,0
K384,"40.68977, -73.9048317",0,2.45668726393222,0,0,2.45668726393222
K390,"40.672272, -73.9371639",0,0,4.76112897030632,0,0
K391,"40.6620866, -73.9364584",7.82500396516127,18.2583425853763,7.82500396516127,15.6500079303225,7.82500396516127
K395,"40.6360513, -73.9330797",1.35216064094703,1.35216064094703,1.35216064094703,1.35216064094703,1.35216064094703
K396,"40.6679599, -73.9117337",0,3.21330956369167,0,3.21330956369167,0
K398,"40.7856208, -73.9544134",0,0,1.19196114228716,0,0
K399,"40.6482474, -73.9517783",0,0,0,0,0
K400,"40.5936235, -73.9861443",0.481813226406018,3.37269258484213,4.81813226406018,2.89087935843611,0.481813226406018
K405,"40.632833, -73.9523773",0,1.11579143498997,1.11579143498997,0.446316573995987,0.66947486099398
K410,"40.5823822, -73.9682211",0.977371392727983,2.28053315131599,10.4252940687041,0.651580879294003,2.60632351717601
K415,"40.6480566, -73.9222341",4.69500245780287,12.0728632380471,4.02428787719254,13.4142931863288,3.35357329658221
K420,"40.6930052, -73.8690682",2.47105388373514,5.55987123840406,12.9730328896095,1.23552694186757,6.79539818027163
K422,"40.6573634, -73.8741237",1.10182582281789,6.61095513367263,2.20365164563579,3.30547756683632,3.30547756683632
K425,"40.6099056, -73.9482591",1.09468963819984,3.83141383208209,7.66282766416417,2.73672419388224,1.91570691604104
K430,"40.6889345, -73.9764419",0.310299404678996,0.930898189441329,1.39634733335331,0.77574852399532,0.155149702339498
K435,"40.6675989, -73.8947925",1.05505668455735,2.1101133691147,12.6606806082187,1.58258507602734,1.05505668455735
K440,"40.6699445, -73.9609004",0.563776146126754,5.0739853643321,12.4030747228754,2.81888058305981,1.69132838918894
K445,"40.6130317, -74.0021576",0.242844947928932,1.21422473964466,3.39982927100505,0.971379791715729,0.485689895857864
K450,"40.7132334, -73.9775892",1.2533933272377,5.9536182305921,19.1142479206314,4.70022500173704,1.88008984328259
K455,"40.6789227, -73.9316585",2.09356009680856,2.09356009680856,16.0506267529814,3.48926695919112,0.697853381999961
K458,"40.6846109, -73.9478897",5.29843512021382,5.29843512021382,15.8953049671109,5.29843512021382,2.64921756010691
K460,"40.7444851, -73.9953492",0,4.16049431010861,6.76080369664836,2.6003089930092,1.56018541548205
K465,"40.6495876, -73.9571761",0.704837713016881,2.11451323743328,3.52418846670177,2.11451323743328,0.704837713016881
K470,"40.658665, -73.943838",1.16565578941193,2.91413937514719,6.4111065466177,2.33131157882386,1.74848358573526
K480,"40.6968124, -73.9117231",0.664909857418192,3.98945924289179,17.2876554074292,3.32454923789964,1.32981971483638
K485,"40.7646397, -73.9587363",0,1.90767594133405,4.45124373193594,1.27178389530095,0
K486,"40.6278465, -74.0040034",0,0,0,0,0
K490,"40.6271654, -74.0393384",0.579895059087899,1.1597901181758,2.3195802363516,1.1597901181758,0.579895059087899
K495,"40.5934398, -73.9367825",3.55084229087936,9.76481600477034,15.9787901121919,7.98939505609593,3.55084229087936
K500,"40.640423, -73.8984517",2.42844947928932,1.618966286732,8.09483133527737,1.618966286732,1.618966286732
K505,"40.6213242, -73.9825025",0,0.723544876407911,0.964726469083002,0.482363234541501,0.24118161727075
K515,"40.6337001, -73.9174886",2.44248671402157,3.90797874243451,6.35046545645607,3.41948139963019,2.93098405682588
K520,"40.6899893, -73.9892204",9.08710130272975,0,13.6306515605641,9.08710130272975,0
K525,"40.6197493, -73.959165",0.851915722535255,1.91681037570432,3.40766289014102,2.34276823697195,0.212978930633814
K535,"40.5807237, -73.935021",0,0,0,0,0
K540,"40.5876721, -73.9814689",0.421286358486641,3.37029086789313,2.10643169405057,2.10643169405057,1.68514543394656
K554,"40.6975906, -73.9130974",0,0,0,0,0
K564,"40.751375, -73.989417",0,2.53593526557717,1.90195144918287,0.633983816394292,1.90195144918287
Q212,"40.7530599, -73.8846539",0,0,0,0,0
K580,"40.6956553, -73.985831",0,4.25896549207878,6.69265994654363,0.608423613616214,3.65054168169729
K590,"40.667, -73.9510136",0.664909857418192,1.99472962144589,0.664909857418192,1.99472962144589,0
K600,"40.6690793, -73.9614012",2.81888058305981,6.2015373614377,10.7117465304517,2.81888058305981,6.2015373614377
K610,"40.7222582, -73.9535961",0,3.24207330191516,5.4034554376035,1.08069106784417,1.08069106784417
K615,"40.6788153, -73.8753605",0,7.73193398999514,4.63916047270319,4.63916047270319,3.09277371405722
K620,"40.5833256, -73.9636743",6.89315195604844,8.27178234725813,17.922195085726,9.65041273846782,4.13589117362907
K625,"40.6753807, -73.939165",0,3.12614215325077,7.29433195327216,1.04204735162271,2.08409470324542
K650,"40.7156299, -73.9550136",0.477457876230948,2.86474715900305,15.7561100631952,2.38728933196342,0.954915752461895
K655,"40.6838346, -73.9803552",0.608861957458025,5.47975786307882,4.8708956596642,4.26203384978013,0.608861957458025
K660,"40.6738372, -73.8960768",1.67015900352679,0,3.34031800705358,0,1.67015900352679
K721,"40.6048465, -73.9947464",0,0,0.937958324280516,0,0
K722,"40.589085, -73.9812849",0,1.67015900352679,0,1.67015900352679,0
K728,"40.5771391, -73.9856484",0,0,29.7271498086206,0,0
K735,"40.7345215, -73.984158",0,0,0,0,0
K763,"40.7296953, -73.9901496",0,0,0,0,0
K778,"40.7056403, -73.9555862",6.92705225178084,6.92705225178084,6.92705225178084,13.8541045035617,0
K781,"40.6428159, -73.9925243",0,8.1652213577637,4.08261067888185,8.1652213577637,0
K798,"40.6869015, -73.8782758",0,0,0,0,0
K804,"40.684876, -73.9908836",0,2.83590746938334,7.08976847669306,0,2.83590746938334
K805,"40.6973504, -73.9845347",1.3414292596033,3.35357329658221,10.0607194962161,2.6828585192066,2.01214393859627
K806,"40.6861539, -73.9798539",0,14.5706968757359,4.85689895857864,4.85689895857864,4.85689895857864
K807,"40.6065941, -74.0076122",0,0,1.36747645643748,0,0
K814,"40.6777766, -73.8866986",0,0,1.86145459759965,0,0
K819,"40.6612079, -73.8867795",0,0,3.52860309241599,0,0
K824,"40.6695182, -73.9552791",6.70714659316442,6.70714659316442,6.70714659316442,13.4142931863288,0
K825,"40.6778096, -74.0141327",0,5.09096620758123,0,5.09096620758123,0
K834,"40.6765196, -73.9854946",0,1.59452912176209,0,1.59452912176209,0
K843,"40.6569712, -73.888674",0,0,0,0,0
K845,"40.742506, -74.002214",0,0,0.804857536085453,0,0
K849,"40.6322837, -73.9732736",0,0,0,0,0
K852,"40.6284004, -73.9281562",0,0,0,0,0
K857,"40.6586846, -73.9286824",3.14163722190692,0,0,3.14163722190692,0
K860,"40.6598018, -73.920611",0,4.42460958428587,13.2738279657965,0,4.42460958428587
K864,"40.6407488, -73.947079",0,0,0,0,0
K865,"40.6953801, -73.9275211",2.67436849111259,0,5.34873698222518,2.67436849111259,0
K872,"40.6462779, -73.8789561",0,0,10.9753301448554,0,0
K874,"40.6762703, -73.9697221",0,0,8.45100403051462,0,0
K894,"40.6775666, -73.9040643",13.9686014301352,13.9686014301352,24.4450536833282,20.9529029322639,3.4921503575338
K902,"40.7136806, -74.0102333",0,2.01694619190262,2.01694619190262,0,2.01694619190262
K907,"40.6662148, -73.9238747",0,17.1593990786921,12.869549309019,4.28984976967302,12.869549309019
K909,"40.6786048, -73.9617567",1.6767866482911,8.38393304469025,10.0607194962161,6.70714659316442,1.6767866482911
K913,"40.6947103, -73.9293003",0,3.2883284892769,8.22082092804433,1.64416424463845,1.64416424463845
K914,"40.6953677, -73.9688206",0.92259872851634,5.53559237109804,7.38078982813072,2.76779618554902,0.92259872851634
K917,"40.6492022, -73.9718961",0,1.3968602020431,1.3968602020431,0,0
K932,"40.8156277, -73.913902",0,2.13949475353702,2.13949475353702,0,2.13949475353702
K971,"40.6394941, -74.0203031",0,2.51517987405402,0,2.51517987405402,0
K987,"40.7526315, -73.9869966",1.41795373469167,2.83590746938334,14.1795369533861,1.41795373469167,2.83590746938334
K994,"40.6854925, -73.9540418",0,0,0,0,0
KAGI,"40.751375, -73.989417",,,,,
KAQX,"40.6897195, -73.9250191",,,,,
KBNU,"40.7452305, -74.0059811",,,,,
KBXX,"40.7574564, -73.9608612",,,,,
KBZT,"40.611413, -73.913977",,,,,
L001,"40.8213673, -73.4883134",0,0,0,0,0
M001,"40.7125614, -73.9974738",0,1.81742029989901,0,1.81742029989901,0
M002,"40.7129433, -73.9915573",0,0,1.11197428703387,0,0
M003,"40.7326315, -74.0059466",0,2.08924700197634,0,1.04462350098817,1.04462350098817
M004,"40.8348474, -73.9412036",0,0,2.47105388373514,0,0
M005,"40.8589195, -73.9224277",0,0,0,0,0
M006,"40.777703, -73.9604282",0,0,0,0,0
M007,"40.8006309, -73.9393226",1.50373739333478,3.00747478666955,12.0298991466782,1.50373739333478,3.00747478666955
M008,"40.8393844, -73.9367835",0,0,2.90912363151725,0,0
M009,"40.785101, -73.9738667",0,0,0,0,0
M010,"40.8244633, -73.936447",1.18361406416558,3.55084229087936,4.14264927377083,2.36722812833115,2.36722812833115
M011,"40.7445487, -74.0007372",0,0,0,0,0
M013,"40.793747, -73.9485723",0,2.18372207797262,1.45581471864841,1.45581471864841,0
M015,"40.7218342, -73.9787655",0,4.61803496569741,4.61803496569741,4.61803496569741,0
M017,"40.7613287, -73.9886685",0,2.82642279282322,2.82642279282322,2.82642279282322,0
M019,"40.7298923, -73.9842311",0,6.05083837894259,4.03389238380524,2.01694619190262,4.03389238380524
M020,"40.7212739, -73.9863152",1.33507177356183,1.33507177356183,4.00521541906812,1.33507177356183,1.33507177356183
M022,"40.7195002, -73.9792392",0,0.974179171285895,1.46126875692884,0.487089585642947,0.487089585642947
M025,"40.7201848, -73.9859574",2.25159980142528,5.2537328044039,8.25586561061725,0.750533250744655,5.2537328044039
M028,"40.8316548, -73.9420791",2.20652855072438,0,0,2.20652855072438,0
M030,"40.805584, -73.9354839",0,1.00607196929814,3.01821580951177,1.00607196929814,0
M033,"40.7489449, -74.0002433",1.33296599158671,1.33296599158671,0,2.66593198317343,0
M034,"40.7261465, -73.9750432",0,6.41848406384577,2.13949475353702,2.13949475353702,4.27898950707403
M036,"40.810705, -73.957404",0,0,11.016206950185,0,0
M040,"40.735118, -73.9816969",0,3.41799975710799,0,3.41799975710799,0
M041,"40.7355263, -73.9991134",1.11638104213708,0,0,0,1.11638104213708
M042,"40.716136, -73.9908411",0,1.08904690202051,0,1.08904690202051,0
M043,"40.8157451, -73.9556001",0,4.90197473488088,22.5490833082154,1.96078977589319,2.94118476222242
M044,"40.7810814, -73.9780846",1.32877420254665,1.99316140220261,0,3.32193580151453,0
M045,"40.7993154, -73.9339517",2.98622059517379,5.97244119034758,5.97244119034758,5.97244119034758,2.98622059517379
M046,"40.8314958, -73.9361544",0.983818898882858,1.96763779776572,0.983818898882858,1.96763779776572,0.983818898882858
M047,"40.738621, -73.9815344",0,6.94603065610372,4.63068736642285,2.31534368321142,2.31534368321142
M048,"40.8533239, -73.933497",1.36747645643748,0,1.36747645643748,1.36747645643748,0
M050,"40.6501583, -73.9038627",0,12.5014856946714,5.00059427786854,5.00059427786854,5.00059427786854
M052,"40.8659143, -73.925157",1.06035183487806,2.12070366975612,4.24140733951223,3.18105560301681,0
M054,"40.8005115, -73.962802",1.0394838936175,4.15793557447,1.0394838936175,2.078967787235,3.11845177923514
M056,"40.7133429, -73.9860695",0,5.25723443924123,1.97146291471546,2.62861721962062,2.62861721962062
M057,"40.7971563, -73.9412854",0,0,0.987266816800059,0,0
M058,"40.7640485, -73.985947",10.4764514661319,10.4764514661319,62.8587103709138,6.98430071506759,10.4764514661319
M060,"40.7291532, -73.982474",0,2.53783916637993,1.26891958318997,2.53783916637993,0
M061,"40.7277257, -73.9783818",0,1.55349342847274,0,1.55349342847274,0
Q014,"40.7409175, -73.8543016",0,0.477457876230948,0,0.477457876230948,0
M063,"40.7244039, -73.9863598",0,0,0,0,0
M064,"40.7237469, -73.9816019",0,0.870340330991108,0,0.870340330991108,0
M066,"40.7779236, -73.9473156",0,0,0,0,0
M070,"40.7425709, -74.0023709",0.522958173614412,0.522958173614412,0.522958173614412,1.04591634722882,0
M072,"40.7914507, -73.9474485",0,0,1.50106650148931,0,0
M075,"40.7951104, -73.9739883",0,0,2.23867665168118,0,0
M076,"40.8065406, -73.9513684",0,1.62519312063075,0,1.62519312063075,0
M079,"40.8025088, -73.9423705",3.38040184832418,6.76080369664836,3.38040184832418,0,10.141205151442
M083,"40.7931298, -73.9418125",0,2.09962833789551,0,1.04981416894775,1.04981416894775
M084,"40.7893822, -73.9680996",0,0,0,0,0
M087,"40.781788, -73.9780085",0,0.965829043302544,1.93165808660509,0,0
M088,"40.8022843, -73.9540802",4.93633428076557,9.87266856153114,16.7835364758968,8.88540194149636,4.93633428076557
M089,"40.7168673, -74.0136226",0,1.15136295658721,1.15136295658721,1.15136295658721,0
M090,"40.8394084, -73.9357719",0,3.09844330869662,6.97149759214136,0.774610827174156,1.54922165434831
M092,"40.814949, -73.9458079",0,8.23149741187629,2.74383253621385,8.23149741187629,0
M093,"40.8299413, -73.9446256",0,1.929452938166,0,1.929452938166,0
M096,"40.799987, -73.9373878",1.85736365076312,1.85736365076312,0,3.71472730152623,0
M097,"40.7180919, -73.9760746",0,0,3.10128597662733,0,0
M098,"40.8678226, -73.917818",0,0,2.70432128189407,0,0
M099,"40.6501, -73.9038466",0,5.09096620758123,0,0,5.09096620758123
M101,"40.7960456, -73.9445487",0,10.0308654816027,10.0308654816027,10.0308654816027,0
M102,"40.8030551, -73.9575689",2.67436849111259,2.67436849111259,2.67436849111259,5.34873698222518,0
M104,"40.7357349, -73.9806113",0.787605255139198,4.72563133406991,0.787605255139198,2.36281566703496,3.15042102055679
M107,"40.7919857, -73.9467809",2.62453552075202,2.62453552075202,10.4981420830081,2.62453552075202,0
M108,"40.7950348, -73.9478723",0,2.70000130027721,2.70000130027721,1.35000065013861,1.35000065013861
M110,"40.7152934, -73.9799271",0,2.01694619190262,0,2.01694619190262,0
M111,"40.7658339, -73.9896022",0,5.45226070293174,0,3.63484059979801,1.81742029989901
M112,"40.7964942, -73.9300386",0,0,2.32170451426258,0,0
M113,"40.8016506, -73.9552947",0,0,25.3530120915439,0,0
M114,"40.7806455, -73.9475443",0,0,0,0,0
M115,"40.8461336, -73.9351439",0,0,1.53654623208568,0,0
M116,"40.744425, -73.9776339",1.21422473964466,0,0,1.21422473964466,0
M117,"40.7925899, -73.9421187",0,4.27177963386042,2.13588981693021,2.84785308924028,1.42392654462014
M118,"40.7916848, -73.9707702",0,1.46211150260249,0.731055751301246,0,1.46211150260249
M121,"40.7886837, -73.9447655",3.18905824352417,6.37811648704835,3.18905824352417,6.37811648704835,0
M123,"40.820192, -73.9444568",1.46973989555644,2.93947979111287,13.2276589616253,1.46973989555644,2.93947979111287
M124,"40.7144262, -73.9955257",0,0,0,0,0
M125,"40.8108537, -73.9563386",0.963626452812037,0,0,0.963626452812037,0
M126,"40.7104484, -73.9970012",1.04204735162271,1.04204735162271,1.04204735162271,2.08409470324542,0
M128,"40.8410469, -73.9387515",1.08624732568506,1.08624732568506,1.08624732568506,1.08624732568506,0
M129,"40.8149807, -73.9521208",0,1.721182207037,1.721182207037,0,1.721182207037
M130,"40.7188194, -73.9982635",0,0,0,0,0
M131,"40.7162131, -73.9935545",0,3.19810944618304,1.59905472309152,1.59905472309152,0.799527361545759
M132,"40.8505433, -73.9339326",0,2.52268784665955,0,1.26134392332977,0
M133,"40.809663, -73.9391478",0,0,10.7885156831598,0,0
M134,"40.7143013, -73.9829659",0,5.74898234439173,1.916327513719,5.74898234439173,0
M136,"40.8172823, -73.9472381",2.92759969409257,9.75866512226782,19.5173302445356,3.90346612761324,4.87933256113391
M137,"40.7114373, -73.9854864",1.27082771444615,2.54165542889229,0,3.8124830449558,0
M140,"40.7191282, -73.9832826",0,0,2.22394857406773,0,0
M142,"40.7182302, -73.9840825",2.18937927639969,0,8.75751710559874,0,2.18937927639969
M143,"40.8490987, -73.9311063",0.76618351801161,3.06473407204644,4.59710110806966,3.06473407204644,0.76618351801161
M144,"40.8061739, -73.9483347",0,7.64796795058162,0,3.82398397529081,0
M145,"40.79909, -73.9653593",1.44215084602585,0,8.65290566645091,1.44215084602585,0
M146,"40.7896995, -73.9390935",0,0,4.06298294915083,0,0
M152,"40.8600515, -73.9276015",0,1.27274155189531,0,0,1.27274155189531
M153,"40.8264766, -73.9474577",0,0,0.826908430180469,0,0
M154,"40.8105552, -73.9488623",0,0,2.64093885791846,0,0
M155,"40.7974949, -73.9361933",1.603606100672,3.207212201344,16.0360614002505,4.81081849878127,0
M158,"40.770203, -73.9507299",0,0,0,0,0
M161,"40.817721, -73.952459",0,0,2.86798788308547,0,0
M163,"40.7949452, -73.9685351",0,0,0,0,0
M164,"40.8369119, -73.9374121",0,7.99149336099059,3.99574668049529,0,7.99149336099059
M165,"40.802678, -73.96595",1.44585190246958,0.722925951234792,3.61462965779132,2.16877775532174,0
M166,"40.788883, -73.9724552",0,1.37414699603179,0,1.37414699603179,0
M167,"40.7718269, -73.9579403",0.619575088822483,0.619575088822483,2.47830035528993,0,0.619575088822483
M169,"40.7808828, -73.9556596",0,7.80092697902759,2.6003089930092,2.6003089930092,5.2006179860184
M171,"40.7923039, -73.9514494",0,0.837562384388413,0.837562384388413,0.837562384388413,0
M173,"40.8456199, -73.9397377",1.10326427536219,0,2.20652855072438,1.10326427536219,0
M175,"40.8142585, -73.9426617",0,2.29646858065802,9.18587432263207,2.29646858065802,0
M176,"40.8665218, -73.9238183",0,0,0,0,0
M178,"40.8593171, -73.9282318",0,6.23690355847028,0,6.23690355847028,0
M180,"40.8076092, -73.9558388",0,1.35216064094703,1.35216064094703,1.35216064094703,0
M183,"40.7637622, -73.957759",0,0,0,0,0
M185,"40.7984949, -73.9498493",13.4677362091934,6.73386810459668,6.73386810459668,20.20160431379,0
M187,"40.856137, -73.9372952",2.13409197261078,0,0,2.13409197261078,0
M188,"40.7198704, -73.9773763",5.25996121242485,7.01328187892017,12.2732426978145,1.75332046973004,10.5199224248497
M189,"40.8530906, -73.9279992",0,0,0.792777132014999,0,0
M190,"40.7751373, -73.952812",0,0,0,0,0
M191,"40.7717427, -73.9875717",0,5.17408418865867,5.17408418865867,3.44938932792893,1.72469466396446
M192,"40.8209878, -73.9529951",0,1.26322932819667,0,1.26322932819667,0
M194,"40.8211816, -73.9406654",4.88497342804313,14.6549202841294,4.88497342804313,14.6549202841294,4.88497342804313
M195,"40.8197643, -73.9572398",3.06195810754402,9.18587432263207,21.4337059657471,3.06195810754402,9.18587432263207
M197,"40.8132983, -73.9378281",2.59233252228344,7.77699796038086,5.18466504456688,2.59233252228344,7.77699796038086
M198,"40.7850142, -73.9500312",0,0,1.0407640484979,0,0
M199,"40.7777661, -73.9847365",0,0.950619185912788,0,0.950619185912788,0
M200,"40.8239553, -73.935802",0,1.6767866482911,0,1.6767866482911,0
M206,"40.7969061, -73.9299784",0,1.21948112720616,0,0,1.21948112720616
M207,"40.8026661, -73.9482563",0,5.88920160833007,2.94460080416504,2.94460080416504,0
M208,"40.7983413, -73.9504528",0,5.38280531550259,0,0,5.38280531550259
M218,"40.8608196, -73.9300663",0,2.93692597460615,1.46846298730307,1.46846298730307,1.46846298730307
M223,"40.8161719, -73.9521035",0,0,0,0,0
M234,"40.7160959, -74.0117653",0,0,1.15925983575915,0,0
M263,"40.8655733, -73.9216022",0,0,0,0,0
M267,"40.763854, -73.963813",0,0,0,0,0
M271,"40.7639687, -73.9484678",0,0,1.5766798549709,0,0
M276,"40.7065629, -74.0175278",0,0.696128832745535,1.39225766549107,0.696128832745535,0
M281,"40.7443352, -73.9724932",0,0,8.12596589830166,0,0
M282,"40.7054423, -74.0128882",2.52834839009629,8.84921916857173,9.48130636447844,4.42460958428587,6.32087077847544
M338,"40.7615926, -73.9955896",2.41457260825636,0,7.2437176280038,2.41457260825636,0
M340,"40.7389298, -73.9951726",0,0,0,0,0
M371,"40.8259644, -73.937942",0,0,0,0,0
M387,"40.857903, -73.9357505",,,,,
M435,"40.794167, -73.932694",1.34856446039497,1.34856446039497,3.14665060435355,1.34856446039497,1.34856446039497
M440,"40.7433678, -74.0025475",2.56312960396572,3.66161366373238,8.78787247813326,4.39393623906663,1.09848405976666
M445,"40.7173162, -73.989318",0.877115156181267,3.50846062472507,3.94701815362438,1.75423031236253,0.877115156181267
M446,"40.7122514, -73.9841228",0,2.77993561920203,5.55987123840406,2.77993561920203,0
M451,"40.7418215, -74.0002348",0,2.076413773963,2.076413773963,0,2.076413773963
M460,"40.7353237, -73.9870812",0.755565866996939,3.02226346798776,9.44457343584437,2.26669760099082,1.13334880049541
M465,"40.8562127, -73.9265543",1.35487039393435,4.40332902624323,9.14537530663081,3.0484584355436,2.7097407878687
M470,"40.7859536, -73.9740725",1.76307451795189,8.22768173965975,14.1045961436151,5.87691519101649,2.35076615511271
M475,"40.7326759, -73.9825764",0,2.39405215447179,5.13011187201971,1.02602239408047,1.02602239408047
M477,"40.7179464, -74.0139052",0,0.256401829433113,0.256401829433113,0.256401829433113,0
M480,"40.7653683, -73.9596962",0,1.39302268888102,0.928681825381558,0,0.928681825381558
M485,"40.7741609, -73.9859188",0,0.962163699756255,2.56576980042825,0.641442450107063,0.320721225053532
M486,"40.7576399, -73.9833982",1.26701715812677,11.4031537344624,16.4712227605,7.60210275199532,5.06806863250706
M488,"40.759213, -73.966183",0.407866991314161,4.07866986395029,0.815733982628321,2.85506906217742,1.63146796525664
M490,"40.7748991, -73.9856157",0.685123996860603,3.76818173677672,20.5537197090528,2.39793393982079,1.02768594609959
M495,"40.7902049, -73.9441678",0,4.09249616630753,4.09249616630753,2.04624808315376,2.04624808315376
M501,"40.8069921, -73.9386038",7.01328187892017,0,10.5199224248497,3.50664093946008,3.50664093946008
M506,"40.7971309, -73.9667832",0,6.42661912738334,12.8532382547667,6.42661912738334,0
M510,"40.7224143, -73.9904913",2.06626029223251,14.4638218488623,2.06626029223251,10.3313008708667,6.19878067993225
M520,"40.7110316, -74.0013216",4.33702581852266,6.19575088822483,15.4893766302663,4.95660071057987,4.95660071057987
M528,"40.8506755, -73.9346974",0,0,0,0,0
M535,"40.7655928, -73.9929852",0.768273116042838,2.68895588155427,9.98755036098293,2.68895588155427,0.768273116042838
M540,"40.8183996, -73.9499603",6.24150983356254,10.6105666777033,9.98641541887562,8.1139624294538,7.48981195768727
M600,"40.7457046, -73.9963938",0.477457876230948,3.34220498604268,5.25203668773174,3.34220498604268,0.477457876230948
Q015,"40.6859976, -73.7568074",0,0,0,0,0
M615,"40.7246371, -74.0050644",0,0.959251376918128,4.79625668782537,0,0.959251376918128
M620,"40.7464334, -73.9810279",1.87591664856103,6.56570817158098,9.37958265250934,2.81387487445891,5.62774974891782
M625,"40.7639993, -73.9908346",0.582827894705965,2.91413937514719,3.49696717147051,2.91413937514719,0.582827894705965
M641,"40.7291044, -74.0062855",1.82133710946699,0,0.910668554733496,0.910668554733496,0.910668554733496
M645,"40.7832825, -73.9459371",2.42496535656149,4.84993071312297,14.5497925328995,4.84993071312297,2.42496535656149
M660,"40.7390954, -73.985349",1.18527407440974,0,3.55582241999449,1.18527407440974,0
M661,"40.7326748, -73.9843188",0,1.15293373377907,0,1.15293373377907,0
M751,"40.7257169, -73.9878598",0,21.3409193325772,8.5363678904431,8.5363678904431,8.5363678904431
M807,"40.7297006, -73.9922318",0,0,26.409388185654,0,0
M812,"40.8213947, -73.9488459",0,0,0,0,0
M814,"40.8334867, -73.9424463",0,4.03068550335015,5.37424760015391,2.68712380007695,0
M816,"40.7805796, -73.9479101",0,0,0,0,0
M824,"40.7046866, -74.0112304",0,0,0,0,0
M833,"40.7092906, -74.0123296",0,3.18505190575598,8.4934714863289,1.06168393579111,2.12336787158223
M834,"40.7678689, -73.9882469",0.409845023434354,2.86891504106218,9.01659007283391,1.63938009373742,0.819690046868708
M837,"40.7724873, -73.9881532",0,0,0,0,0
M840,"40.7180827, -74.010942",0,0,0,0,0
M841,"40.7863206, -73.9792435",0,7.59072263553927,5.06048175702618,2.53024087851309,2.53024087851309
M855,"40.770282, -73.953267",0,0,0,0,0
M860,"40.7133956, -74.0055426",0,0,0,0,0
M873,"40.7419614, -73.9922556",0,0,0,0,0
M874,"40.7418743, -73.9858507",0,0,0,0,0
M876,"40.8384136, -73.9385717",0,0,0,0,0
M877,"40.7041461, -74.0087148",0,13.2342340700611,13.2342340700611,3.78120995917778,5.67181493876667
M883,"40.7365859, -73.9954734",0,2.4008535429741,12.0042677148705,2.4008535429741,0
M894,"40.7089829, -74.0124667",3.62704043075882,9.67210807771056,14.5081617230353,7.25408086151765,4.83605403885528
M895,"40.792935, -73.947168",0,0,0,0,0
M896,"40.7561154, -73.9844504",0,10.3061023226644,0,6.8707348817763,0
M898,"40.8716464, -73.9116182",2.13409197261078,0,0,2.13409197261078,0
M905,"40.7385401, -73.9894855",0,5.63400294936345,0,5.63400294936345,0
M911,"40.8077665, -73.9399252",0,4.02428787719254,0,4.02428787719254,0
M916,"40.8125165, -73.9535404",0,0,0,0,0
M918,"40.8715667, -73.9123373",0,0,0,0,0
M920,"40.7474312, -73.9905507",0,6.35413867061337,3.17706933530668,6.35413867061337,0
M932,"40.7752206, -73.9829968",0,0,3.65844338161847,0,0
M933,"40.7533889, -73.9978955",0,0,0,0,0
M970,"40.8152968, -73.9443043",1.50641782829609,3.01283565659217,6.02567131318435,4.51925368165354,0
M971,"40.7110565, -74.0053612",0,0,0,0,0
MANN,"40.8286152, -73.9454018",,,,,
O308,"41.3104256, -73.8376124",0,0,0,0,0
Q002,"40.7697001, -73.8941404",0,0,1.29418139142821,0,0
Q003,"40.7257552, -73.8440424",0,0,4.04354253996179,0,0
Q005,"40.7374353, -73.8879365",0,0.472387038323958,1.88954815329583,0.472387038323958,0
Q007,"40.7397494, -73.8825748",0,0,0,0,0
Q008,"40.6971478, -73.7866095",0,1.26701715812677,1.26701715812677,0.633508579063383,0.633508579063383
Q009,"40.7183488, -73.9122407",0,2.74383253621385,0,0,2.74383253621385
Q010,"40.7595184, -73.9124987",0,0.980394887946593,3.92157955178637,0.980394887946593,0
Q011,"40.7455172, -73.909077",0,0,0,0,0
Q012,"40.7423048, -73.8934898",0,0,0,0,0
Q013,"40.7372798, -73.8679645",0,0,0,0,0
Q017,"40.7682591, -73.9227537",0,0,1.30416732752688,0,0
Q018,"40.7321073, -73.732064",0,0,2.65754840509329,0,0
Q019,"40.7493709, -73.8674498",0.418988828750854,0,0,0.418988828750854,0
Q020,"40.758365, -73.8244069",0,0.601067150272586,0,0.601067150272586,0
Q021,"40.7741682, -73.8185428",0,0,0,0,0
Q022,"40.761748, -73.811379",0,0,0,0,0
Q023,"40.7656054, -73.8283396",1.97453363360012,1.97453363360012,0,1.97453363360012,0
Q024,"40.7517618, -73.8177796",0.865881531472605,0,0,0.865881531472605,0
Q025,"40.7650172, -73.7896893",0.599787388922733,0.599787388922733,0,1.19957477784547,0
Q026,"40.736575, -73.778081",0,0,0,0,0
Q028,"40.7469882, -73.8545206",0,0,0,0,0
Q029,"40.7779868, -73.8429746",0,0,0,0,0
Q030,"40.6797874, -73.7740177",0,0,1.48523801407435,0,0
Q031,"40.7576312, -73.7691484",0,0,0,0,0
Q032,"40.7652597, -73.7943689",0.891456098115771,0,0.891456098115771,0.891456098115771,0
Q033,"40.727164, -73.73409",0,0.806393535014926,0,0.806393535014926,0
Q034,"40.7108896, -73.7379671",0,0,0,0,0
Q035,"40.713433, -73.7688809",0,0,0,0,0
Q036,"40.6907729, -73.7639889",0,0,1.71419959771624,0,0
Q037,"40.6762512, -73.758597",0,1.51451688378829,0,1.51451688378829,0
Q038,"40.6716309, -73.7339764",0,0,0,0,0
Q040,"40.6939852, -73.7908673",0,0,1.38768543079142,0,0
Q041,"40.7700561, -73.7710849",0,0,0,0,0
Q042,"40.594435, -73.7949455",0,7.41316165120541,12.3552694186757,4.94210776747028,1.23552694186757
Q043,"40.5940187, -73.761378",0.850201601840414,0,4.25100830434998,0,0.850201601840414
Q045,"40.6654475, -73.8139874",0,2.16692422642942,0,2.16692422642942,0
Q046,"40.745726, -73.758047",0,0,0,0,0
Q047,"40.6064907, -73.8208123",0,0,0,0,0
Q049,"40.7195174, -73.8750343",0,0,0.7472152471004,0,0
Q050,"40.694854, -73.806837",0,0,0,0,0
Q051,"40.6982438, -73.8317233",0,0,0,0,0
Q052,"40.6612513, -73.7669234",0,0,0,0,0
Q053,"40.6039506, -73.7498677",1.23552694186757,1.23552694186757,6.17763470933784,2.47105388373514,0
Q054,"40.7026728, -73.8244673",0,0,1.41557858105482,0,0
Q055,"40.6936, -73.816147",0,0,0,0,0
Q056,"40.6991063, -73.8354709",0,0,0,0,0
Q058,"40.72851, -73.890603",0,0,0,0,0
Q059,"40.6818878, -73.7530444",0,5.04036053998498,5.04036053998498,3.36024009763629,1.68012004881814
Q060,"40.691436, -73.85279",0,0,0,0,0
Q061,"40.7420865, -73.8628075",0,1.85491746486192,0.741967025297824,0.741967025297824,0.741967025297824
Q062,"40.6883657, -73.8355943",0.911650905369895,0.911650905369895,0,1.82330181073979,0
Q063,"40.6769032, -73.84656",0,0,0,0,0
Q064,"40.6811531, -73.857012",0,0,0,0,0
Q066,"40.6979133, -73.84631",0,1.54497339367426,0,1.54497339367426,0
Q067,"40.7624372, -73.7344259",0,0.952762550055462,0,0.952762550055462,0
Q068,"40.6968584, -73.8973882",0,0,0,0,0
Q069,"40.7487993, -73.8884638",0,0,0,0,0
Q070,"40.761734, -73.913973",0,0,0,0,0
Q071,"40.7113999, -73.9047626",0,0,1.93386815417605,0,0
Q072,"40.6750607, -73.7756104",1.98613491422548,1.98613491422548,5.95840474267643,0,2.97920237133822
Q073,"40.7285961, -73.8932957",0,0,0.888643928802718,0,0
Q074,"40.7450831, -73.7668808",0,0.807163723493349,0.807163723493349,0.807163723493349,0
Q075,"40.6987123, -73.9049725",1.62519312063075,1.62519312063075,1.62519312063075,3.2503862412615,0
Q076,"40.760848, -73.941632",0,0,3.03992964469038,0,0
Q079,"40.7859588, -73.8173491",0,0,0.830973895913862,0,0
Q080,"40.6732635, -73.7690139",0,0,1.4227279489463,0,0
Q081,"40.7038519, -73.9119386",0,0,0.889579350920984,0,0
Q082,"40.7041026, -73.8117845",0,0,0,0,0
Q085,"40.7730089, -73.9148429",0,1.45706968757359,0,1.45706968757359,0
Q086,"40.7094563, -73.8035633",0,0,0,0,0
Q087,"40.711906, -73.871298",0,0,1.50106650148931,0,0
Q088,"40.7040997, -73.8964097",0,0,0,0,0
Q089,"40.745942, -73.879623",0.428115736849347,0,0,0.428115736849347,0
Q090,"40.6967154, -73.8392673",0,0.987266816800059,0,0.987266816800059,0
Q091,"40.703479, -73.883974",0,0,0,0,0
Q093,"40.7058553, -73.9028273",0,0.713164917845672,2.13949475353702,0.713164917845672,0
Q094,"40.7713037, -73.7387655",0,0,0,0,0
Q095,"40.7111888, -73.7832247",0,0,0,0,0
Q096,"40.6753572, -73.8081312",0,0,0,0,0
Q097,"40.694215, -73.860039",0,0,0,0,0
Q098,"40.7691299, -73.7498387",0,0,0,0,0
Q099,"40.711486, -73.827742",0,0.994235750934196,0,0.994235750934196,0
Q100,"40.8025189, -73.94622",0,0,0.908710149949503,0,0
Q101,"40.715537, -73.843379",0,0,0,0,0
Q102,"40.7332744, -73.8779549",0,0,0,0,0
Q104,"40.6083067, -73.7647105",0,1.20213430054517,1.20213430054517,1.20213430054517,0
Q105,"40.595904, -73.781257",0.993067457112739,0.993067457112739,1.98613491422548,1.98613491422548,0
Q106,"40.5946809, -73.7671077",0,8.04857575438508,0,8.04857575438508,0
Q107,"40.7554439, -73.7994064",0,0,0,0,0
Q108,"40.6792199, -73.8310603",0,0,0,0,0
Q109,"40.720412, -73.7465724",0.873037589383449,0,2.61911286653298,0,0.873037589383449
Q111,"40.7585496, -73.9392371",0,0,7.63644931137185,0,0
Q112,"40.7572171, -73.9339221",0,0,0,0,0
Q113,"40.7052426, -73.8619353",0,0,1.76614504007127,0,0
Q114,"40.578292, -73.8543188",0,1.29418139142821,2.58836278285643,0,1.29418139142821
Q115,"40.7438573, -73.7092974",0,0,0,0,0
Q116,"40.7007801, -73.7818406",0,1.10905566770693,1.10905566770693,0,1.10905566770693
Q117,"40.7102309, -73.8130569",0.789076026379944,0,0.789076026379944,0.789076026379944,0
Q118,"40.7032974, -73.7653335",0,3.05090403114897,0,1.52545201557449,1.52545201557449
Q119,"40.705198, -73.875033",1.55064298831367,0,1.55064298831367,0,1.55064298831367
Q120,"40.7452179, -73.8287456",0,0.816522125938106,0.816522125938106,0.816522125938106,0
Q121,"40.6838583, -73.8155423",0.951689687392474,0,0,0.951689687392474,0
Q122,"40.7802869, -73.9160468",0,0,0,0,0
Q123,"40.678902, -73.7955549",0,0,0,0,0
Q124,"40.665478, -73.8110933",0,0.634936455474137,1.26987291094827,0.634936455474137,0
Q125,"40.7408445, -73.9186741",0,0.548766497404507,2.19506598961803,0.548766497404507,0
Q126,"40.7661011, -73.9299135",0,1.49575295361537,0,1.49575295361537,0
Q127,"40.7649787, -73.8711964",0.594722306400042,1.18944461280008,2.37888922560017,1.18944461280008,0.594722306400042
Q129,"40.789929, -73.839501",0,0,0,0,0
Q130,"40.7600715, -73.7839084",0,0,0,0,0
Q131,"40.7169971, -73.7939177",1.0169680431772,0,0,1.0169680431772,0
Q132,"40.6819915, -73.7495052",0,0,0,0,0
Q133,"40.7317283, -73.7179469",0,0,0,0,0
Q134,"40.707983, -73.7552939",0,0,3.68235469139044,0,0
Q135,"40.720849, -73.757595",0,0,0.827718316053162,0,0
Q136,"40.698936, -73.752691",0,0,0,0,0
Q137,"40.6780703, -73.8396521",0.443622267082774,0.887244534165547,0.887244534165547,0.443622267082774,0.887244534165547
Q138,"40.6599832, -73.7344343",0,1.02436415472378,1.02436415472378,1.02436415472378,0
Q139,"40.727995, -73.862551",0,0,0,0,0
Q140,"40.68748, -73.781249",0,0,0,0,0
Q141,"40.7758926, -73.9045645",0,0.706015402380228,4.23609231589873,0,0.706015402380228
Q142,"40.6837697, -73.8010187",4.40156482878585,11.0039114816688,8.8031296575717,8.8031296575717,6.6023470464135
Q143,"40.7551817, -73.8554755",0,0,0,0,0
Q144,"40.7150517, -73.8529435",0,0,1.03313014611625,0,0
Q145,"40.7543262, -73.8875943",0.409447877322037,0.409447877322037,0.818895754644073,0.818895754644073,0
Q146,"40.6602302, -73.8347263",0,0,0,0,0
Q147,"40.698026, -73.740151",1.2159718185231,1.2159718185231,3.64791565233456,1.2159718185231,1.2159718185231
Q148,"40.7576279, -73.878619",0,0,0,0,0
Q149,"40.7552967, -73.8744262",0,0,0,0,0
Q150,"40.7457471, -73.9233202",0,0,0,0,0
Q151,"40.7576706, -73.9083676",0,0,1.9250579889793,0,0
Q152,"40.7530928, -73.90053",0,0.610180825906322,0,0,0.610180825906322
Q153,"40.716288, -73.904467",1.78794171343074,0,0,1.78794171343074,0
Q154,"40.7264369, -73.8075916",0,0,0,0,0
Q155,"40.6792465, -73.8101446",0,0,0,0,0
Q156,"40.6720872, -73.743438",0,1.60665478184583,1.60665478184583,0,1.60665478184583
Q157,"40.7322865, -73.8530536",1.10542889015458,0.552714445077292,0,1.65814333523187,0
Q158,"40.7563745, -73.7723202",0,0.813378653092946,1.62675730618589,0.813378653092946,0
Q159,"40.770092, -73.7839769",0,0,0,0,0
Q160,"40.6880172, -73.7999654",0,0,0,0,0
Q161,"40.690426, -73.821065",0,1.24462507304456,0,1.24462507304456,0
Q162,"40.748394, -73.776565",0,0,0,0,0
Q163,"40.741093, -73.808757",0,0,1.33930340757012,0,0
Q164,"40.7211586, -73.8231641",0,1.3184093949106,1.3184093949106,1.3184093949106,0
Q165,"40.7295971, -73.8177163",0,0,1.14667630288003,0,0
Q166,"40.7574989, -73.9262379",0,0,0.673386800621404,0,0
Q168,"40.724191, -73.80937",1.23733590342505,2.47467180685011,4.33067580956164,0.618667951712526,1.85600380594626
Q169,"40.7823459, -73.77844",0,0,1.10182582281789,0,0
Q171,"40.7710982, -73.9294621",0,1.51451688378829,3.02903376757659,0,1.51451688378829
Q172,"40.7420673, -73.7130199",0,0.881230895442472,0.881230895442472,0.881230895442472,0
Q173,"40.7340865, -73.7952832",0,0.876660234865021,0.876660234865021,0,0.876660234865021
Q174,"40.720572, -73.861471",0,0,0,0,0
Q175,"40.731005, -73.852189",0,0,0,0,0
Q176,"40.6848695, -73.7296779",0,1.14048636247038,0,1.14048636247038,0
Q177,"40.7431599, -73.7874465",0,1.69358804160926,0,1.69358804160926,0
Q178,"40.7243137, -73.7770145",0,0,1.61278707002985,0,0
Q179,"40.7416616, -73.7783377",0,0,0,0,0
Q180,"40.5844498, -73.8251698",0,0,1.29815732896139,0,0
Q181,"40.6562032, -73.7531283",0,0,2.02661976312692,0,0
Q183,"40.5889357, -73.8052824",0,4.21146399346396,4.21146399346396,0,4.21146399346396
Q184,"40.7781644, -73.7998406",1.63779150928815,0,0,1.63779150928815,0
Q185,"40.7751216, -73.8184999",0,0.554891947995211,1.10978389599042,0.554891947995211,0
Q186,"40.7496437, -73.7214397",0,0,0,0,0
Q188,"40.7361188, -73.7535742",0,0,0,0,0
Q189,"40.7603435, -73.8179087",0,0.748538887106621,1.49707777421324,0,0
Q190,"40.7230138, -73.8518455",0.814162270801401,3.25664908320561,0.814162270801401,3.25664908320561,0
Q191,"40.7342217, -73.7089196",0.943192477365916,0,0,0.943192477365916,0
Q192,"40.7057537, -73.7527082",0.761351749913979,3.8067587495699,7.61351749913979,2.28405524974194,2.28405524974194
Q193,"40.792326, -73.8095158",0,0,0,0,0
Q194,"40.78322, -73.806977",0.783225604452641,1.56645120890528,0,0.783225604452641,0.783225604452641
Q195,"40.652625, -73.7352053",1.28826279033306,1.28826279033306,0,2.57652558066611,0
Q196,"40.722976, -73.8377256",0,0,1.05769766808098,0,0
Q197,"40.5999875, -73.7439954",1.54215404242867,0,1.54215404242867,1.54215404242867,0
Q198,"40.763635, -73.9772705",1.58258507602734,1.58258507602734,0,0,1.58258507602734
Q199,"40.7399816, -73.9263768",0,0,0,0,0
Q200,"40.7310597, -73.8054492",0,0,0,0,0
Q201,"40.736521, -73.813001",0,0,0,0,0
Q202,"40.6708858, -73.8456736",0,4.58463169905015,4.07522804575662,1.52821056635005,2.03761402287831
Q203,"40.7535633, -73.7599913",0,0,0,0,0
Q204,"40.7566277, -73.9326479",0,1.03439465815728,4.13757863262912,1.03439465815728,0
Q205,"40.73801, -73.756381",0,0,2.63271151146683,0,0
Q206,"40.7347409, -73.8607989",0,0,0,0,0
Q207,"40.657832, -73.8440388",1.14512254588447,0,2.29024509176895,1.14512254588447,0
Q208,"40.744184, -73.727581",0,0,1.20213430054517,0,0
Q209,"40.7837142, -73.7950273",0,1.36747645643748,0,1.36747645643748,0
Q210,"40.684802, -73.8475694",0.889111443096575,1.33366716464486,1.77822288619315,0.889111443096575,1.33366716464486
Q213,"40.747524, -73.745381",0,0,0,0,0
Q214,"40.7701939, -73.82762",0,0,0,0,0
Q215,"40.5997037, -73.7583551",0,0,0,0,0
Q216,"40.7373644, -73.7941586",0,0.611948171608103,1.22389634321621,0.611948171608103,0
Q217,"40.7105094, -73.8118746",1.05242888430715,1.57864337565204,1.57864337565204,1.57864337565204,1.05242888430715
Q219,"40.7358552, -73.8235834",0,1.30215786215397,0,0,1.30215786215397
Q220,"40.7365, -73.8518454",0,1.18860816361524,0,1.18860816361524,0
Q221,"40.7586405, -73.7313503",0,0,0,0,0
Q222,"40.750434, -73.879973",0,0,0,0,0
Q223,"40.674555, -73.7902123",0,1.35216064094703,1.35216064094703,1.35216064094703,0
Q225,"40.5809065, -73.8313599",1.30215786215397,0,6.51078901562195,0,1.30215786215397
Q226,"40.6750633, -73.8166917",1.83186503551617,2.44248671402157,2.44248671402157,3.66373007103235,0.610621678505392
Q227,"40.757566, -73.874573",0,0.514677503773204,0,0.514677503773204,0
Q228,"40.7569451, -73.8748822",0,0,0,0,0
Q229,"40.7344927, -73.8972088",0,0,0,0,0
Q230,"40.7526398, -73.8928407",0,0.78395216023129,0.78395216023129,0.78395216023129,0
Q231,"40.6648583, -73.7590877",0.968041767204723,9.6804170817514,7.74433413763778,7.74433413763778,1.93608353440945
Q232,"40.6658495, -73.8510272",0,0,0,0,0
Q234,"40.766708, -73.9230524",0,0,0,0,0
Q237,"40.7495386, -73.8214543",0,0.456811049948388,1.37043314984516,0.456811049948388,0
Q238,"40.712772, -73.7801733",2.16000104022177,2.16000104022177,1.08000052011088,1.62000078016633,2.70000130027721
Q239,"40.69943, -73.903833",0,0,0,0,0
Q242,"40.7697889, -73.8320195",0,0,0,0,0
Q244,"40.7545804, -73.8261767",0,0,0,0,0
Q245,"40.706955, -73.9149593",0,0,0,0,0
Q247,"40.7150089, -73.8862248",0.911650905369895,0,0,0.911650905369895,0
Q251,"40.665341, -73.7593347",0,0,2.44248671402157,0,0
Q253,"40.6072955, -73.7488118",0,0,0,0,0
Q254,"40.697177, -73.847866",0,1.27851799007914,0,1.27851799007914,0
Q260,"40.7493233, -73.8656571",0,0,0,0,0
Q262,"40.69146, -73.848566",0,0,1.7606259708674,0,0
Q263,"40.7207298, -73.7313942",0,1.5650007536792,0,1.5650007536792,0
Q266,"40.746011, -73.7283855",0,0,1.22656084019023,0,0
Q268,"40.7076516, -73.7852195",0,1.43237357950152,0,1.43237357950152,0
Q269,"40.7358509, -73.878713",0,0,0,0,0
Q270,"40.6749904, -73.7363585",0,1.24646079467947,1.24646079467947,1.24646079467947,0
Q273,"40.6934165, -73.8445255",0,0,0,0,0
Q276,"40.6935709, -73.7961891",0,0,1.48523801407435,0,0
Q277,"40.7065064, -73.8031883",0,0,0,0,0
Q280,"40.7538212, -73.8739373",0,0,0,0,0
Q287,"40.7576977, -73.8589062",0,0,0,0,0
Q290,"40.712656, -73.908184",0,0,0,0,0
Q292,"40.7562032, -73.868653",0,1.86969119201921,0,1.86969119201921,0
Q313,"40.7415889, -73.9227893",0,0,0,0,0
Q316,"40.683163, -73.8499044",0,0,0,0,0
Q329,"40.7615376, -73.8719437",0,0,5.45226070293174,0,0
Q400,"40.6747642, -73.7832326",3.7560019662423,6.57300344092402,3.7560019662423,5.63400294936345,3.7560019662423
Q404,"40.7430801, -73.9592507",1.95851772726054,0,1.95851772726054,1.95851772726054,0
Q405,"40.771101, -73.78021",0.253327470390865,1.77329234192737,1.01330988156346,0.759982411172595,0.759982411172595
Q410,"40.5866656, -73.823435",1.16726582127619,6.41996177106247,10.5053917028073,3.50179736544594,3.50179736544594
Q415,"40.7519018, -73.7565313",0.241112823211411,2.1700154089027,2.65224105532552,1.68778976247988,0.241112823211411
R048,"40.60259, -74.090333",0,0,0,0,0
Q420,"40.6681047, -73.7578985",1.2557212572085,2.09286886039681,3.34859001922268,2.51144251441701,0.83714750480567
Q425,"40.7386635, -73.8239238",0.691382952690525,3.22645368083981,7.60521243040446,2.07414880888026,1.38276590538105
Q430,"40.7404652, -73.7936092",0.607694450697669,2.63334273446964,0.810259283993998,2.22821306787698,0.607694450697669
Q435,"40.7339036, -73.7392943",0.911650905369895,2.27912726342474,12.7631134622396,1.82330181073979,1.36747645643748
Q440,"40.7297887, -73.8447471",0.440156492716849,0.440156492716849,1.10039120719646,0.880312985433698,0
Q445,"40.7576896, -73.9103778",0.338581904230683,5.41731046769092,4.40156482878585,3.38581918988078,1.69290959494039
Q450,"40.7516035, -73.9368126",0,0.851057825935415,0.851057825935415,0,0.851057825935415
Q451,"40.7512822, -73.9373618",0.966934077088026,2.90080242802935,0,2.90080242802935,0
Q452,"40.7658055, -73.9327831",0.796137932106609,1.59227586421322,4.77682769102229,1.19420692275557,0.398068966053304
Q455,"40.7408369, -73.8739856",0.406298280157687,2.03149147457541,2.43778973013744,1.21889486506872,1.21889486506872
Q456,"40.737637, -73.853408",0,2.23177924172458,2.97570565563277,1.48785282781638,0
Q460,"40.7649611, -73.8268783",0.572949441638873,2.86474715900305,2.86474715900305,2.29179776655549,0.85942418705397
Q465,"40.601532, -73.763979",1.00011883589718,3.50041607321409,8.50100995755208,1.50017830303709,3.00035660607418
Q470,"40.7142206, -73.7980266",0.820884313706489,1.64176862741298,4.92530598062157,1.23132649515539,1.23132649515539
Q475,"40.694945, -73.8337521",0.388551921605423,2.33131157882386,13.9878686858821,1.55420768642169,1.16565578941193
Q480,"40.6786025, -73.8369699",0.587079156050459,2.6418561776314,5.28371235526281,0.587079156050459,2.05477707077226
Q485,"40.7116318, -73.9091661",0,2.3115437522169,2.77385262071945,1.38692631035972,0.924617540239816
Q490,"40.6981894, -73.7460089",0.564906710206692,1.12981342041338,6.77888012894975,1.12981342041338,0.564906710206692
Q499,"40.7383323, -73.8202796",0,1.6767866482911,0,1.6767866482911,0
Q505,"40.7095227, -73.8024716",1.02872840852756,1.54309271117397,2.8290031726421,1.80027476411454,0.771546355586986
Q515,"40.7349867, -73.821365",0,2.23966539718902,0,2.23966539718902,0
Q520,"40.7433987, -73.9333333",0,0.826100118429978,0,0,0.826100118429978
Q566,"40.744121, -73.728799",2.26366190632514,1.50910790475588,4.52732381265029,3.01821580951177,0.754553952377942
Q570,"40.7561132, -73.9251542",0,2.09183269445765,0,1.04591634722882,0
Q585,"40.7291615, -73.8877613",0,1.73710268221811,0.868551341109056,1.73710268221811,0
Q595,"40.7082839, -73.799558",0,0,0,0,0
Q600,"40.7422205, -73.9283762",0,1.6325184950609,3.80921005136825,0.544172864481178,0.544172864481178
Q610,"40.743581, -73.9292176",0,0.389806472404392,1.94903226363932,0,0.389806472404392
Q620,"40.7163629, -73.798836",1.20843718422278,2.41687436844556,3.22249928910427,2.81968673039228,0.805624822276067
Q633,"40.6916647, -73.7789875",1.97453363360012,3.94906726720024,1.97453363360012,1.97453363360012,3.94906726720024
Q636,"40.6928555, -73.8291655",0,0,0,0,0
Q650,"40.6892738, -73.8412316",0,0,1.76246179088494,0,0
Q680,"40.7084312, -73.8041965",1.51723598312618,0,3.03447196625236,1.51723598312618,0
Q686,"40.7088482, -73.8558219",0,1.1704991666608,0.390166405284039,0.390166405284039,0.390166405284039
Q690,"40.6859687, -73.7834452",0,6.99586421676012,16.790075379522,0,4.19751884488051
Q695,"40.71855, -73.805991",0,1.08485294856241,1.08485294856241,1.08485294856241,0
Q707,"40.7253501, -73.8113254",0,3.61669215140589,3.61669215140589,3.61669215140589,0
Q721,"40.7490162, -73.8606471",0,0,0,0,0
Q722,"40.7358729, -73.8675318",0,1.7460751787669,0,0,1.7460751787669
Q725,"40.7485098, -73.9464833",0,1.74247516129197,6.96990064516789,0,1.74247516129197
Q733,"40.7028197, -73.8079845",0,0,0,0,0
Q735,"40.7445464, -73.9369204",0,0.555256504858824,1.11051300971765,0.555256504858824,0
Q739,"40.7713147, -73.9241879",1.47744827359475,0,0,1.47744827359475,0
Q744,"40.743204, -73.871482",0,0.653596591964395,1.96078977589319,0.653596591964395,0
Q774,"40.7009286, -73.7983153",0,0,0,0,0
Q792,"40.7205192, -73.8192992",0,0,8.24488217295599,0,0
Q798,"40.7550475, -73.9269635",0,0,0,0,0
Q799,"40.7119479, -73.7709316",0,4.54355065136488,2.27177532568244,2.27177532568244,0
Q811,"40.756146, -73.7287858",0,0,0,0,0
Q841,"40.739421, -73.928638",0,0,0,0,0
Q849,"40.6992691, -73.9019879",0,0.7788944072151,2.33668327083662,0.7788944072151,0
Q868,"40.7444645, -73.9576657",0,0,1.77915870184197,0,0
Q877,"40.737207, -73.887005",0,0,0,0,0
Q884,"40.682272, -73.841648",0,0,0,0,0
Q891,"40.7427084, -73.9363284",0,1.38541052906228,1.38541052906228,1.38541052906228,0
Q985,"40.7700694, -73.8974323",0,0,0,0,0
QAPM,"40.7458334, -73.7264836",0,0,0,0,0
QAZJ,"40.7541753, -73.7084484",0,563.400298084589,281.700149042295,281.700149042295,0
R001,"40.5088345, -74.2440251",0,0,0,0,0
R002,"40.5770938, -74.1001504",0,1.03566231844271,5.1783114938309,0,0
R003,"40.520825, -74.211845",0,0,0.846794020804628,0,0
R004,"40.5523733, -74.1955161",0,0,0,0,0
R005,"40.529697, -74.1875322",0,0,0,0,0
R006,"40.5102741, -74.2304292",0,2.45668726393222,0,1.22834363196611,1.22834363196611
R007,"40.5240906, -74.1861831",0,0.684846361057306,1.36969272211461,0.684846361057306,0
R008,"40.5476445, -74.1519507",0,1.52545201557449,0,1.52545201557449,0
R011,"40.7128138, -73.9885083",0,0,5.99361982397767,0,0
R013,"40.6131457, -74.0691497",0,0,1.96306713718827,0,0
R014,"40.622418, -74.079229",0,3.29688069519787,1.09896023173262,3.29688069519787,0
R016,"40.6397293, -74.0795821",1.23915017764497,2.47830035528993,0,1.23915017764497,2.47830035528993
R018,"40.7116963, -74.0084032",0,1.32668829386433,1.32668829386433,0,1.32668829386433
R019,"40.630563, -74.1268879",0,0,1.35868232761066,0,0
R020,"40.696444, -73.973076",0,0,1.73531920176377,0,0
R021,"40.6313074, -74.1446112",0,2.09183269445765,2.09183269445765,2.09183269445765,0
R022,"40.6249594, -74.1506485",0.792034146335872,0,2.37610243900762,0.792034146335872,0
R023,"40.5706912, -74.133509",1.6767866482911,0,0,1.6767866482911,0
R024,"40.5457934, -74.1455611",0,0.616411693493211,0.616411693493211,0.616411693493211,0
R026,"40.5915602, -74.1902344",0,0,0,0,0
R027,"40.6282837, -74.1175923",0,6.82756143215462,11.3792695782984,0,6.06894393250472
R029,"40.6139436, -74.1162359",0,0,1.13588766284122,0,0
R030,"40.6180283, -74.1331607",0,0,0,0,0
R031,"40.6419543, -74.0854572",0,0,1.86556384360677,0,0
R032,"40.5552086, -74.1542097",0,1.18361406416558,0,0,1.18361406416558
R034,"40.5078027, -74.2432209",0,2.17622433716141,0.725408095990029,0,1.45081619198006
R035,"40.6135779, -74.0989589",0,0,2.22981650810453,0,0
R036,"40.5432382, -74.1825783",0,0,0,0,0
R038,"40.574938, -74.099425",2.28405524974194,0,0,2.28405524974194,0
R039,"40.5978544, -74.0703148",0,0,1.54497339367426,0,0
R040,"40.641176, -74.09546",1.76430154620799,0,3.52860309241599,1.76430154620799,0
R041,"40.5739225, -74.1090805",0,0,1.1970260772359,0,0
R042,"40.552214, -74.16904",0,0,0,0,0
R043,"40.581969, -74.15936",0.585655165753889,0.585655165753889,3.51393109290597,0,1.17131033150778
R044,"40.6315864, -74.1570676",0,0.897134252044643,1.79426850408929,0.897134252044643,0
R045,"40.6283058, -74.1075161",0,0.948485364885961,0,0.948485364885961,0
R046,"40.5942107, -74.0805212",0,2.60833465505376,0,2.60833465505376,0
R049,"40.7160005, -74.0126088",0,10.4076402882138,8.32611238798323,7.28534843786796,3.12229224387635
R050,"40.5614875, -74.1249262",0,0,0,0,0
R051,"40.7253131, -73.9959032",0.678795533697219,7.46675106743469,2.71518213478888,5.43036426957775,2.71518213478888
R052,"40.5824372, -74.0886964",0,0,0,0,0
R053,"40.5521285, -74.137382",0,1.19028224257658,0,1.19028224257658,0
R054,"40.6027789, -74.137628",0,0,0,0,0
R055,"40.536389, -74.1634219",0,0,0,0,0
R056,"40.5419596, -74.2139675",0,1.21772391491605,0,0,0
R057,"40.611011, -74.0835877",1.16888028035915,1.16888028035915,1.16888028035915,1.16888028035915,1.16888028035915
R058,"40.5830656, -74.1606873",0,0,0,0,0
R059,"40.6477881, -74.0832497",0,0,0,0,0
R060,"40.6105562, -74.1623285",0,1.83318965934877,0,0.916594829674386,0
R061,"40.634527, -74.097992",0,4.48329128583712,5.9777219768032,2.24164564291856,1.4944304942008
R069,"40.5912272, -74.1575603",0,0,0,0,0
R071,"40.6028354, -74.0919815",0,0.954915752461895,2.86474715900305,0.954915752461895,0
R072,"40.5924704, -74.1585325",0,0.671780950019238,2.01534275167508,0.671780950019238,0
R075,"40.5443689, -74.1972009",0,0,1.24554229437488,0,0
R435,"40.5695781, -74.1073767",0.605589701740252,3.93633301212032,11.5062044314474,1.81676900683812,1.51397420515931
R440,"40.567929, -74.115695",0,0,1.35541366285916,0,0
R445,"40.634843, -74.142015",1.0382068869815,7.26744830725314,10.3820686730497,2.076413773963,4.67193094222543
R450,"40.6820978, -74.0051168",1.69087720641293,8.1162102759576,9.80708748237053,7.10168458175873,2.70540349090763
R455,"40.528303, -74.193519",0.201022931408601,3.61841266697218,6.63375708082306,2.61329825588577,0.804091725634403
R460,"40.5972844, -74.125202",0.502587212247672,4.77457866392684,6.28234020228722,2.26164250430584,1.50776163674302
R470,"40.6107961, -74.0867683",5.28187771583691,5.28187771583691,31.6912670820826,5.28187771583691,5.28187771583691
R600,"40.7266622, -73.9831241",0,2.70865523384546,6.77163837976156,2.70865523384546,0
R722,"40.6940374, -73.9458322",0,2.17809380404101,0,2.17809380404101,0
R825,"40.5103092, -74.2197684",1.62989472849884,4.07473691962974,30.1530537562028,0,4.07473691962974
R829,"40.6337087, -74.078261",0,0,0,0,0
R831,"40.6388374, -74.0794943",0,0,5.40000260055442,0,0
R840,"40.5640675, -74.1514242",0,0,6.92705225178084,0,0
R861,"40.620326, -74.164432",0,0.988421533817528,0,0,0.988421533817528
R880,"40.6084411, -74.1052619",0.636850342114617,1.91055107553517,0.636850342114617,2.54740136845847,0
X001,"40.8191006, -73.9194097",1.1953330104255,1.1953330104255,2.390666020851,1.1953330104255,1.1953330104255
X002,"40.8339721, -73.9027472",0,4.66390960901693,1.86556384360677,1.86556384360677,2.79834576541016
X003,"40.8501633, -73.8916561",2.50771637040069,2.50771637040069,0,5.01543274080137,0
X004,"40.8412417, -73.8984918",2.23867665168118,1.11933832584059,5.59669153082031,2.23867665168118,1.11933832584059
X005,"40.8136127, -73.9084287",0,1.05769766808098,7.40388377494953,0,1.05769766808098
X006,"40.8406052, -73.8821899",0,2.73053454862051,4.09580182293076,0,2.73053454862051
X007,"40.8816677, -73.9058618",1.16085225713129,0,2.32170451426258,0,1.16085225713129
X008,"40.8725525, -73.8833653",0.748538887106621,2.2456167597025,0.748538887106621,2.99415554842648,0
X009,"40.8568025, -73.8989065",0.97474093614657,0,0,0.97474093614657,0
X011,"40.8397302, -73.9259128",0,0,2.28714584191939,0,0
X012,"40.8404321, -73.8444386",0,0,10.0209532340996,0,0
X014,"40.8355351, -73.8258615",0,0,0,0,0
X015,"40.8591649, -73.9097332",2.08152809699581,1.38768543079142,1.38768543079142,2.77537086158284,0.693842715395709
X016,"40.9023697, -73.8545464",0,0,0,0,0
X018,"40.8162486, -73.9225849",1.46718824346774,1.46718824346774,1.46718824346774,2.93437648693548,0
X019,"40.8993214, -73.8672232",0,0,3.35357329658221,0,0
X020,"40.8696176, -73.8790124",0,0,0.761351749913979,0,0
X021,"40.8879399, -73.8594064",0,1.1953330104255,2.390666020851,0,0
X022,"40.8322775, -73.9141419",1.78479504314986,0,11.6011672885609,0.89239752157493,0.89239752157493
X023,"40.8533597, -73.8947984",0,0,0,0,0
X024,"40.8876623, -73.9135704",0,0,2.59498590201941,0,0
X025,"40.8128539, -73.9057252",0,0,1.72469466396446,0,0
X026,"40.8543673, -73.9130235",1.09753299480901,3.29259908280968,8.78026395847211,1.09753299480901,1.09753299480901
X027,"40.8133771, -73.9138098",0,1.8057702214854,0,1.8057702214854,0
X028,"40.8483384, -73.9037018",0,0,1.14202762487097,0,0
X029,"40.8216111, -73.9167681",0,0,4.50720220207854,0,0
X030,"40.8090647, -73.9175195",0,0,0,0,0
X032,"40.8519542, -73.8860736",0,0,0,0,0
X033,"40.8616747, -73.901633",0,0.796513114295083,0.796513114295083,0,0
X034,"40.8504842, -73.8838411",0,0,1.82527084084864,0,0
X035,"40.8276096, -73.9180902",1.19028224257658,1.19028224257658,1.19028224257658,2.38056448515316,0
X036,"40.829446, -73.849749",1.07110318789722,1.07110318789722,0,2.14220637579445,0
X037,"40.8798395, -73.9107885",0,1.30416732752688,2.60833465505376,0,1.30416732752688
X039,"40.8177584, -73.8978272",1.50641782829609,6.02567131318435,39.1668647162899,1.50641782829609,4.51925368165354
X040,"40.8092157, -73.9200317",0,0,0,0,0
X041,"40.874682, -73.8678767",0.905788185612892,0.905788185612892,0,1.81157637122578,0
X042,"40.8385594, -73.9030255",0,0,0,0,0
X043,"40.8064193, -73.9214243",0,3.21943014434181,0,1.60971507217091,0
X044,"40.8426051, -73.890915",3.54339787345773,10.6301936203732,5.31509681018659,8.85849468364431,1.77169893672886
X045,"40.8584306, -73.8870393",1.18030781724651,1.18030781724651,7.08184749377491,0,2.36061563449303
X046,"40.8669496, -73.8906272",0.675000325069303,0.675000325069303,0.675000325069303,0.675000325069303,0.675000325069303
X047,"40.8325249, -73.8669819",1.48785282781638,0.743926413908192,0.743926413908192,2.23177924172458,0
X048,"40.8142282, -73.886889",0.968041767204723,0,3.87216706881889,0,0.968041767204723
X049,"40.810342, -73.9226265",0,1.18527407440974,0,1.18527407440974,0
X050,"40.8342374, -73.8871441",1.96993109704809,3.93986219409617,0,3.93986219409617,0
X053,"40.832774, -73.9118311",0.639742939233906,0.639742939233906,1.27948587846781,0,1.27948587846781
X054,"40.8649367, -73.8877927",0,0,0,0,0
X055,"40.8359726, -73.9048381",1.17375061445072,2.34750122890144,1.17375061445072,0,3.52125194173479
X057,"40.8487109, -73.8889123",1.03566231844271,1.03566231844271,2.07132463688542,1.03566231844271,1.03566231844271
X058,"40.8462754, -73.8988781",0,0,0,0,0
X059,"40.8530603, -73.8934211",1.40149323721279,0,0,1.40149323721279,0
X060,"40.820082, -73.8986467",3.51149749998239,2.34099833332159,10.5344924999472,5.85249583330398,0
X061,"40.8363593, -73.8927497",1.3968602020431,1.3968602020431,1.3968602020431,2.7937204040862,0
X062,"40.8138751, -73.9001902",0,1.05902307897468,2.11804615794936,0,1.05902307897468
X063,"40.8308954, -73.9023857",0,7.0542610021929,4.23255644390352,1.41085208237941,2.82170416475883
X064,"40.840366, -73.9157164",0,0,0,0,0
X065,"40.8077306, -73.9127678",0,1.99787334024765,0,0,1.99787334024765
X066,"40.8313935, -73.8865838",0,0.853636828397365,5.97545760201628,0,0.853636828397365
X067,"40.8438837, -73.8843165",1.3775067631057,3.44376695695557,1.3775067631057,2.06626029223251,2.7550135262114
X068,"40.8914828, -73.838736",1.12830501781376,2.25661003562751,0,2.25661003562751,0
X069,"40.8168367, -73.8605406",0,0,0,0,0
X070,"40.8443936, -73.9080233",0,0.634459791594983,1.26891958318997,0,0.634459791594983
X071,"40.8455954, -73.8296383",0,1.4975199057866,0.998346669446158,0.998346669446158,0.499173334723079
X072,"40.8231581, -73.8181364",0,0,1.92725290562407,0,0
X073,"40.8326204, -73.9264852",1.02188687990911,0,0,0,1.02188687990911
X074,"40.8155936, -73.8852377",0.716186789750762,0.716186789750762,3.58093399794513,1.43237357950152,0
X075,"40.82229, -73.88896",0,2.76628620882719,2.76628620882719,1.3831431044136,0
X076,"40.8691644, -73.8609059",0,0,0,0,0
X077,"40.8309062, -73.877497",0,0.434275670554528,0.434275670554528,0.434275670554528,0
X078,"40.8784651, -73.8505799",0,2.11275100762865,3.16912651144298,0,2.11275100762865
X079,"40.8552107, -73.9032639",0.64266190290007,0.64266190290007,1.92798565950889,0.64266190290007,0.64266190290007
X130,"40.8177775, -73.9018306",0,0,0,0,0
X080,"40.8771786, -73.8815462",1.65273878341816,4.9582161534892,2.20365164563579,2.20365164563579,2.75456470461869
X081,"40.9034547, -73.9046818",0,0,2.49292158935895,0,0
X082,"40.8494606, -73.9155291",0,2.18937927639969,5.83834486824268,0.729793108530335,0.729793108530335
X083,"40.8491668, -73.8588608",0,0,1.00607196929814,0,0
X084,"40.8302019, -73.8874708",1.35216064094703,0,0,0,1.35216064094703
X085,"40.8588521, -73.8948287",0.85971559642653,3.43886238570612,4.29857788375001,3.43886238570612,0.85971559642653
X086,"40.8698472, -73.8982631",0,0.994235750934196,0,0.994235750934196,0
X087,"40.8953629, -73.8458246",0,0,0,0,0
X088,"40.8370196, -73.9135492",4.122441086478,0,0,0,4.122441086478
X089,"40.8625634, -73.8592019",0,1.72235138630219,3.44470277260439,0.574117145164504,1.14823429032901
X090,"40.8320329, -73.9175191",0,0.753208914148044,3.01283565659217,0.753208914148044,0
X091,"40.8577351, -73.9078121",0,2.27789866104643,1.13894933052322,2.27789866104643,0
X092,"40.8463352, -73.8893226",3.46352612589042,0,0,3.46352612589042,0
X093,"40.822513, -73.877255",0,2.09702336241723,0,2.09702336241723,0
X094,"40.8805095, -73.8752665",0,0.682082645193269,0,0.682082645193269,0
X095,"40.8830219, -73.891672",0,1.0066711195611,2.51667784809406,1.0066711195611,0
X096,"40.8609206, -73.8689722",0,0.857969993287658,0,0.857969993287658,0
X097,"40.8630715, -73.8469469",0,1.14512254588447,0,1.14512254588447,0
X098,"40.835806, -73.89101",0.870340330991108,6.96272264792886,19.1474870850391,3.48136132396443,4.35170135980763
X099,"40.827719, -73.8970008",0,3.40766289014102,6.81532578028204,0,1.70383144507051
X100,"40.8219102, -73.8626151",0,0,0,0,0
X101,"40.8272139, -73.8292124",0,0,0.543822671482654,0,0
X102,"40.8382117, -73.8660262",0,0.662823850353237,0,0,0.662823850353237
X103,"40.8923187, -73.8618979",0,0,0,0,0
X104,"40.8435527, -73.9206652",0,0,0,0,0
X105,"40.8527674, -73.8664014",0,0,0,0,0
X106,"40.8371047, -73.8548399",0,0.69441284278058,4.16647715506612,0.69441284278058,0
X107,"40.8188865, -73.8686089",0,1.78291219623154,1.78291219623154,0,1.78291219623154
X108,"40.8545351, -73.8529191",0,0,2.91917243412134,0,0
X109,"40.8516372, -73.9187717",0,0,2.08152809699581,0,0
X110,"40.8349726, -73.9003037",0,2.01214393859627,0,1.00607196929814,0
X111,"40.884355, -73.839263",0,1.22656084019023,0,0,0
X112,"40.8847919, -73.8439954",0,0,0,0,0
X113,"40.880634, -73.860155",2.44248671402157,9.76994685608626,13.840759095537,1.6283245416028,7.3274601420647
X114,"40.8350072, -73.9233472",0,0,1.0145262844947,0,0
X115,"40.8595059, -73.9004749",0,3.27982055554284,9.83946166662853,1.09327351851428,2.18654703702856
X116,"40.8220835, -73.8940382",1.33930340757012,4.01790992756245,9.37512316431237,2.67860681514024,1.33930340757012
X117,"40.8485793, -73.9087458",0.971379791715729,0.971379791715729,1.94275958343146,0.971379791715729,0.971379791715729
X118,"40.8485594, -73.8925699",2.12336787158223,7.07789329880463,19.1103110410053,3.53894664940232,2.83115716210963
X119,"40.8285665, -73.8568685",0,0,0.820485864024224,0,0
X120,"40.8223029, -73.9066864",0,4.42460958428587,0,0,4.42460958428587
X121,"40.8669435, -73.8504668",0,0,3.44938932792893,0,0
X122,"40.8724811, -73.905299",0,2.20078241439293,0,0,1.10039120719646
X123,"40.8249888, -73.8739048",0,1.04462350098817,9.40161170565881,1.04462350098817,0
X125,"40.8294144, -73.8567829",2.40426860109034,8.41494010381621,9.61707440436138,3.60640290163552,6.01067150272586
X126,"40.8362011, -73.9283456",0,1.16888028035915,2.3377605607183,1.16888028035915,0
X127,"40.8384942, -73.8532006",0.894286173068867,2.6828585192066,3.57714469227547,2.6828585192066,0.894286173068867
X129,"40.8456823, -73.8865322",0,0.931753528092591,11.1810419435805,0,0.931753528092591
X131,"40.8233189, -73.8600615",1.80963685590821,2.71445528386231,9.04818427954105,1.80963685590821,2.71445528386231
X132,"40.8320812, -73.9069508",0,5.20595740852602,3.47063840352753,5.20595740852602,0
X134,"40.831595, -73.894227",1.25758993702701,1.25758993702701,0,1.25758993702701,1.25758993702701
X135,"40.8620602, -73.8645884",0,5.84844601040997,2.92422300520498,0,3.65527860893227
X136,"40.8313619, -73.8980758",0,2.78451533098214,8.35354618971169,2.78451533098214,0
X137,"40.8546548, -73.8970362",0,2.94973972285724,5.16204451500018,1.47486986142862,0
X138,"40.8223735, -73.8528307",0,0,0,0,0
X139,"40.8102073, -73.9183901",0,2.9888609884016,4.48329128583712,0.7472152471004,2.24164564291856
X140,"40.8233742, -73.907378",1.2922025230556,0,2.5844050461112,1.2922025230556,0
X141,"40.8877008, -73.913605",0,2.44779268643241,4.28363710287408,0,1.22389634321621
X142,"40.8860434, -73.8405764",3.61927371181642,6.33372899567873,9.9530031010257,7.23854742363284,1.80963685590821
X143,"40.8754507, -73.9015164",0,1.24646079467947,3.73938238403842,1.24646079467947,0
X144,"40.8642904, -73.8365658",1.65381686036094,4.96145058108281,14.057443313068,0,2.48072529054141
X145,"40.8277475, -73.9137728",5.79497425981526,12.5557779564636,5.79497425981526,6.76080369664836,11.5899485196305
X146,"40.8251247, -73.90592",1.85329041280135,1.85329041280135,0,3.70658082560271,0
X147,"40.840523, -73.904343",0,3.74352350602013,7.48704701204026,1.87176175301006,1.87176175301006
X148,"40.8052398, -73.9347122",0.803327390922917,2.40998227115139,11.2465836696861,1.60665478184583,1.60665478184583
X149,"40.8135073, -73.9204774",0,2.19316720471242,2.19316720471242,1.46211150260249,0.731055751301246
X150,"40.8261982, -73.8942729",0.906760107689706,1.81352021537941,0,2.72028032306912,0
X151,"40.8225387, -73.9214871",0.8605911035185,1.721182207037,3.442364414074,0.8605911035185,1.721182207037
X152,"40.8239782, -73.880504",0,0,2.58968465197517,0,0
X153,"40.8730453, -73.8333448",0,2.41457260825636,0,0,1.20728630412818
X154,"40.8082547, -73.9257485",0,0,4.17333560549823,0,0
X155,"40.8109323, -73.9093063",2.38392228457432,2.38392228457432,10.7276498870539,1.19196114228716,3.57588342686148
X156,"40.8230091, -73.9228399",0,2.00260770953406,1.00130385476703,2.00260770953406,0
X157,"40.8192621, -73.9090649",0,1.29022965602388,0,1.29022965602388,0
X158,"40.8273874, -73.9005294",1.92286779470113,4.8071696835181,4.8071696835181,4.8071696835181,1.92286779470113
X159,"40.8555172, -73.8932821",0,0,0,0,0
X160,"40.8641361, -73.8239598",2.12336787158223,4.24673574316445,0,4.24673574316445,2.12336787158223
X161,"40.8145072, -73.9051591",0,1.79236578387817,0,0,1.79236578387817
X162,"40.8147024, -73.9120362",1.83917388166321,7.35669552665282,11.9546309194893,2.75876092087745,4.59793499930593
X163,"40.851773, -73.8987943",0,0,0,0,0
X166,"40.8281114, -73.9176612",0,1.18610589961062,2.37221179922123,0.593052949805308,0.593052949805308
X167,"40.8391826, -73.8802804",0,1.32150185635816,1.98225273534593,1.32150185635816,0
X169,"40.8809604, -73.8396423",0,1.90337937478495,0,1.90337937478495,0
X170,"40.8445236, -73.9132748",0,0,0,0,0
X173,"40.8488255, -73.9096989",0,0,0,0,0
X174,"40.8150174, -73.8560177",0.67071462980165,9.39000491560574,8.04857575438508,2.6828585192066,6.03643161902354
X175,"40.84379, -73.7846911",0,0,0,0,0
X177,"40.872439, -73.875912",0,0,0,0,0
X178,"40.8751461, -73.8330952",1.30820495097383,1.96230742646075,0.654102475486916,3.27051237743458,0
X180,"40.8732041, -73.8321785",0,0,0.964726469083002,0,0
X181,"40.874988, -73.8321783",0,7.74433413763778,5.80825040646306,5.80825040646306,1.93608353440945
X182,"40.818892, -73.856982",0,0.845100462081044,0,0.845100462081044,0
X183,"40.8134243, -73.925896",0.719847017399896,2.15954119977364,6.47862340255566,2.87938806959958,0
X184,"40.6290261, -74.1153036",1.29517308841518,4.53310556349655,13.5993170840202,3.88551916686291,0.647586544207592
X189,"40.8830639, -73.8309085",2.56479640261188,3.84719480068309,2.56479640261188,3.84719480068309,1.28239820130594
X192,"40.8269968, -73.8182715",0,3.35801507590441,5.59669153082031,1.11933832584059,1.11933832584059
X193,"40.8438503, -73.8900634",0.883996234620029,5.30397760448545,7.07196987696023,4.41998127148278,1.76799246924006
X194,"40.8352361, -73.8465466",0,0.610621678505392,1.22124335701078,0.610621678505392,0
X198,"40.8287148, -73.9004516",1.03439465815728,0,3.10318397447184,1.03439465815728,0
X205,"40.855742, -73.8814069",0,1.63779150928815,1.63779150928815,0.818895754644073,0.818895754644073
X206,"40.8596038, -73.9062749",3.16517015205468,9.49551045616405,3.16517015205468,3.16517015205468,9.49551045616405
X209,"40.8567707, -73.897431",0,0,3.26293593051329,0,0
X211,"40.8483469, -73.8935606",0,0,0,0,0
X229,"40.8531051, -73.9207038",0.928681825381558,4.64340902852515,4.64340902852515,0.928681825381558,3.71472730152623
X234,"40.8460674, -73.8870195",0,0,2.64093885791846,0,0
X235,"40.8356937, -73.9196626",0,0,1.7606259708674,0,0
X240,"40.8428109, -73.916384",0,0.939000491560574,0,0,0.939000491560574
X254,"40.858858, -73.8898414",0,3.42839919543247,0,0,3.42839919543247
X279,"40.8547513, -73.9050236",0,0.781054004492977,0.781054004492977,0.781054004492977,0
X283,"40.8613045, -73.8912827",0,0,6.47586514692801,0,0
X285,"40.8382011, -73.9280842",0,0,0,0,0
X292,"40.854327, -73.8636587",0,0,0,0,0
X306,"40.8513486, -73.9107122",0.734869947778218,2.93947979111287,0,3.6743494929345,0
X338,"40.8499949, -73.915226",0,1.42994992322434,0,1.42994992322434,0
X340,"40.8694289, -73.897161",0,0,1.31023320743052,0,0
X360,"40.874718, -73.902209",0,1.74247516129197,3.48495032258395,1.74247516129197,0
X362,"40.8882379, -73.85261",0.703078533074021,7.73386386381423,11.2492565291843,2.10923559922206,4.92154973151815
X368,"40.8795601, -73.9096739",0,4.96145058108281,5.78835901126328,3.30763372072188,0
X392,"40.8203983, -73.8929382",1.49575295361537,7.47876476807685,7.47876476807685,4.48725886084611,2.99150590723074
X400,"40.8273033, -73.9045097",0.501543274080137,1.50462982224041,9.02777893344247,0.501543274080137,1.50462982224041
X401,"40.8233601, -73.8982976",3.62704043075882,3.62704043075882,43.5244851691059,1.81352021537941,5.44056064613824
X405,"40.8401731, -73.8393567",1.04721244009652,3.40344030733539,11.7811398281075,3.14163722190692,1.04721244009652
X410,"40.8396545, -73.911386",1.21016763643546,3.63050310607166,4.84067054574185,0,4.84067054574185
X415,"40.8604584, -73.8602941",0.949906797233953,3.79962718893581,5.0661694540709,1.58317802818413,2.84972039170186
X420,"40.8323001, -73.8785802",0.887244534165547,3.10535586957942,5.76708947207606,1.33086680124832,2.66173360249664
X423,"40.8316935, -73.8774638",0.839225838024892,1.67845167604978,2.51767761245731,1.67845167604978,0.839225838024892
X425,"40.8751674, -73.8615821",1.80064015723058,8.70309419166375,18.6066139742229,3.30117352320675,6.00213385743525
X430,"40.8702946, -73.8970188",0.618667951712526,2.47467180685011,12.9920270351544,0.618667951712526,1.54666990387698
X435,"40.8595162, -73.8885805",0.925630291111233,3.39397747172082,5.86232504586096,3.08543417252726,1.23417368868743
X440,"40.8810884, -73.8875375",2.02419266345742,5.06048175702618,24.9650429148966,2.02419266345742,4.38575080361862
X445,"40.8776621, -73.8910553",0,0.840895981680728,3.08328510219161,0.560597304723379,0
X450,"40.8214475, -73.8556542",2.29825284817346,2.62657479606412,11.1629426865072,2.62657479606412,1.64160924754007
X455,"40.8740855, -73.8320957",1.38996780960102,2.43244361761046,7.2973306560661,1.04247580800944,2.43244361761046
X460,"40.827572, -73.9189269",1.08624732568506,4.34498930274026,7.60373118141281,3.25874207543783,0
X465,"40.7286292, -73.9906154",1.38996780960102,11.1197424768081,9.72977447044183,2.77993561920203,5.55987123840406
X470,"40.8181294, -73.911476",0,2.98270735118522,5.96541470237045,1.98847150186839,0.994235750934196
X475,"40.6368672, -74.1647776",1.48263234991761,8.89579429627094,17.7915885925419,5.55987123840406,2.96526469983522
X498,"40.8450308, -73.8579757",0,1.45206260161577,2.90412520323153,1.45206260161577,0
X600,"40.8185183, -73.9199681",0,3.08430808485733,9.25292405780672,1.23372319458988,0.616861597294939
X650,"40.8218507, -73.9028489",2.18372207797262,17.469776623781,15.286053561982,4.36744415594524,10.9186097995673
X655,"40.8105206, -73.9075854",0,3.02903376757659,7.57258481247201,0,3.02903376757659
X660,"40.8552306, -73.8824536",0,3.34296056469942,2.67436849111259,2.00577622076049,1.33718424555629
X701,"40.88264, -73.8322461",0,0,1.64736925582343,0,0
X722,"40.8427479, -73.8388996",0,0,1.5650007536792,0,0
X781,"40.8506322, -73.8865305",0,0,0,0,0
X790,"40.8225734, -73.9235453",1.08554969440187,4.34219877760747,13.0265963328224,2.17109938880374,2.71387423600467
X819,"40.8782767, -73.9062762",0,0,2.2656848501194,0,0
X826,"40.8555678, -73.9162197",0,1.6767866482911,0,1.6767866482911,0
X834,"40.831595, -73.894227",0,0,0,0,0
X839,"40.8517465, -73.8645056",0,19.2465938188481,12.2478324301761,13.9975227773441,3.49938069433603
X843,"40.865975, -73.895314",0,0,0,0,0
X852,"40.8853282, -73.8780582",0,0,0,0,0
X859,"40.8579691, -73.903757",0,2.98622059517379,2.98622059517379,2.98622059517379,0
X876,"40.8433729, -73.9030014",0,4.92769943342902,13.5511725564861,1.23192485835725,2.46384971671451
X878,"40.8310788, -73.8858401",3.5961718943866,3.5961718943866,1.7980859471933,3.5961718943866,3.5961718943866
X879,"40.8414085, -73.8751735",0,10.1209635140524,28.6760611909854,6.74730874701454,1.68682718675364
X884,"40.8158033, -73.9298282",0,10.5878182507077,33.6885133313982,2.88758688508631,5.77517377017262
X886,"40.8691451, -73.9018361",0,0,0,0,0
X905,"40.8748282, -73.8952168",0,0,0,0,0
X953,"40.8318043, -73.8276329",0,0,0,0,0
X963,"40.816528, -73.9117597",0,0,0,0,0
X970,"40.8394571, -73.9018947",0,4.84298253772537,10.8967106114994,2.42149126886268,1.21074563443134
X972,"40.8211129, -73.8805822",0,8.22082092804433,18.0858061991098,0,6.5766569785538
X973,"40.8368388, -73.8876706",2.73495291287496,6.83738238057004,13.6747647611401,4.1024292709298,4.1024292709298
X991,"40.8156277, -73.913902",0,0,0,0,0
