building_code,address,location
K001,309 47 STREET,"40.7608559, -73.987927"
K002,655 PARKSIDE AVENUE,"40.6563887, -73.9514618"
K003,50 JEFFERSON AVENUE,"40.6823068, -73.9552409"
K005,820 HANCOCK STREET,"40.6854939, -73.9223832"
K006,43 SNYDER AVENUE,"40.6489827, -73.9562456"
K007,858 JAMAICA AVENUE,"40.6895935, -73.8729894"
K008,37 HICKS STREET,"40.7007275, -73.9928047"
K009,80 UNDERHILL AVENUE,"40.6785844, -73.9663398"
K010,511 7 AVENUE,"40.7530692, -73.9886201"
K011,419 WAVERLY AVENUE,"40.6856228, -73.9658514"
K012,430 HOWARD AVENUE,"40.6731183, -73.920067"
K013,557 PENNSYLVANIA AVENUE,"40.6637837, -73.8932587"
K014,2424 BATCHELDER STREET,"40.5935161, -73.9381931"
K015,71 SULLIVAN STREET,"40.7244068, -74.0037985"
K016,157 WILSON STREET,"40.7059151, -73.9620676"
K017,208 NORTH  5 STREET,"40.7152742, -73.957057"
K018,101 MAUJER STREET,"40.7108275, -73.9469479"
K019,325 SOUTH  3 STREET,"40.7099877, -73.9547556"
K020,225 ADELPHI STREET,"40.691059, -73.9710157"
K021,180 CHAUNCEY STREET,"40.680441, -73.92635"
K022,443 ST. MARKS AVENUE,"40.6770364, -73.9600737"
K023,545 WILLOUGHBY AVENUE,"40.6944681, -73.9474069"
K024,427 38 STREET,"40.7562936, -73.9953403"
K025,787 LAFAYETTE AVENUE,"40.6914765, -73.940691"
K026,1014 LAFAYETTE AVENUE,"40.6919757, -73.9314884"
K027,27 HUNTINGTON STREET,"40.6778469, -74.0048179"
K028,1001 HERKIMER STREET,"40.6781614, -73.9202186"
K029,425 HENRY STREET,"40.7142589, -73.9810442"
K031,75 MESEROLE AVENUE,"40.7269875, -73.9541882"
K032,317 HOYT STREET,"40.6804309, -73.9917041"
K033,70 TOMPKINS AVENUE,"40.6967257, -73.9473094"
K034,131 NORMAN AVENUE,"40.7263917, -73.9498398"
K035,272 MACDONOUGH STREET,"40.6817075, -73.9357224"
K038,450 PACIFIC STREET,"40.6849644, -73.9828242"
K039,417 6 AVENUE,"40.7336167, -73.9995861"
K040,265 RALPH AVENUE,"40.6802016, -73.9214653"
K041,411 THATFORD AVENUE,"40.660182, -73.9068734"
K043,1401 EMMONS AVENUE,"40.5837653, -73.954016"
K044,432 MONROE STREET,"40.6862075, -73.9409238"
K045,84 SCHAEFER STREET,"40.6866584, -73.910178"
K046,100 CLERMONT AVENUE,"40.6944248, -73.9716268"
K048,6015 18 AVENUE,"40.6215553, -73.987279"
K049,223 GRAHAM AVENUE,"40.7097646, -73.9445189"
K050,183 SOUTH  3 STREET,"40.7118634, -73.9600489"
K051,350 5 AVENUE,"40.7484404, -73.9856554"
K396,110 CHESTER STREET,"40.6679599, -73.9117337"
K052,2675 EAST  29 STREET,"40.5874041, -73.9402515"
K054,195 SANFORD STREET,"40.6926969, -73.952501"
K055,2021 Bergen Street,"40.6744933, -73.9132463"
K056,170 GATES AVENUE,"40.6843355, -73.9605487"
K057,125 STUYVESANT AVENUE,"40.6913962, -73.9331397"
K058,330 SMITH STREET,"40.6804297, -73.9956601"
K059,211 THROOP AVENUE,"40.6977036, -73.9433424"
K061,400 EMPIRE BOULEVARD,"40.6636762, -73.9490341"
K062,700 CORTELYOU ROAD,"40.6385738, -73.9712399"
K066,845 EAST  96 STREET,"40.7828679, -73.9438693"
K067,51 SAINT EDWARDS STREET,"40.6951434, -73.9778888"
K068,956 EAST  82 STREET,"40.7723574, -73.9466939"
K069,6302 9TH AVENUE,"40.7419383, -74.0046655"
K071,215 HEYWARD STREET,"40.703878, -73.953472"
K072,605 SHEPHERD AVENUE,"40.6695679, -73.8791893"
K073,251 MCDOUGAL STREET,"40.6806402, -73.9107933"
K075,95 GROVE STREET,"40.7333429, -74.0026986"
K078,1420 East 68 Street,"40.6207672, -73.9129882"
K081,990 DEKALB AVENUE,"40.6929267, -73.9347953"
K084,250 BERRY STREET,"40.7149339, -73.963439"
K085,510 CLERMONT AVENUE,"40.6825734, -73.9692679"
K086,220 IRVING AVENUE,"40.7007483, -73.9176601"
K088,544 7TH AVENUE,"40.7542684, -73.9882624"
K090,2840 WEST  12 STREET,"40.5781983, -73.9801505"
K091,532 ALBANY AVENUE,"40.6617922, -73.9404619"
K092,601 PARKSIDE AVENUE,"40.6562705, -73.9541456"
K093,31 NEW YORK AVENUE,"40.6789073, -73.9465004"
K094,5010 6 AVENUE,"40.6436734, -74.0087146"
K095,345 VAN SICKLEN STREET,"40.5957569, -73.9748517"
K096,99 AVENUE P,"40.6080429, -73.984972"
K097,1855 STILLWELL AVENUE,"40.6012111, -73.9856403"
K099,1120 EAST  10 STREET,"40.6214924, -73.9660062"
K100,2951 WEST  3 STREET,"40.5775643, -73.970807"
K101,2360 BENSON AVENUE,"40.5975347, -73.9919116"
K102,211 72 STREET,"40.7694866, -73.9599393"
K104,9115 5 AVENUE,"40.7644781, -73.9729109"
K105,1031 59 STREET,"40.7583838, -73.9590104"
K106,1328 PUTNAM AVENUE,"40.6938847, -73.9130444"
K107,1301 8 AVENUE,"40.8008186, -73.9580276"
K108,200 LINWOOD STREET,"40.681272, -73.8843465"
K110,124 MONITOR STREET,"40.7236698, -73.9419847"
K111,35 STARR STREET,"40.7008178, -73.9275874"
K112,7115 15 AVENUE,"40.619415, -74.0005724"
K113,300 ADELPHI STREET,"40.6884318, -73.971169"
K114,1077 REMSEN AVENUE,"40.6425436, -73.9080304"
K115,1500 EAST  92 STREET,"40.6348511, -73.8978947"
K116,515 KNICKERBOCKER AVENUE,"40.6980574, -73.9165882"
K117,300 WILLOUGHBY AVENUE,"40.691991, -73.9583083"
K119,3829 AVENUE K,"40.6260353, -73.9387875"
K120,18 BEAVER STREET,"40.7048111, -74.0123928"
K121,5301 20 AVENUE,"40.6228761, -73.9787743"
K123,100 IRVING AVENUE,"40.7039048, -73.9225744"
K124,515 4 AVENUE,"40.6674919, -73.990697"
K126,424 LEONARD STREET,"40.7197692, -73.9479681"
K127,7805 7 AVENUE,"40.6238069, -74.018575"
K128,2075 84 STREET,"40.6049942, -73.9951343"
K130,70 OCEAN PARKWAY,"40.648959, -73.9758479"
K131,4305 FT HAMILTON PARKWAY,"40.6407837, -73.9933473"
K132,320 MANHATTAN AVENUE,"40.8034139, -73.957643"
K135,684 LINDEN BOULEVARD,"40.6532579, -73.9329753"
K136,4004 4 AVENUE,"40.65212, -74.0074465"
K137,121 SARATOGA AVENUE,"40.6822466, -73.9166957"
K138,760 PROSPECT PLACE,"40.6739449, -73.9513952"
K139,330 RUGBY ROAD,"40.641322, -73.9658288"
K142,610 HENRY STREET,"40.7142326, -73.98103"
K145,100 NOLL STREET,"40.7014459, -73.9323011"
K147,325 BUSHWICK AVENUE,"40.7050231, -73.9387071"
K148,185 ELLERY STREET,"40.699216, -73.9452153"
K149,700 SUTTER AVENUE,"40.6693524, -73.8927603"
K150,364 SACKMAN STREET,"40.668635, -73.9050857"
K151,763 KNICKERBOCKER AVENUE,"40.6933707, -73.9082333"
K152,2310 GLENWOOD ROAD,"40.632619, -73.954263"
K153,1970 HOMECREST AVENUE,"40.6011737, -73.9600314"
K154,1625 11 AVENUE,"40.7715888, -73.9904972"
K155,1355 HERKIMER STREET,"40.6776416, -73.9086945"
K157,850 KENT AVENUE,"40.6953971, -73.9600053"
K158,400 ASHFORD STREET,"40.6725882, -73.8851972"
K159,2781 PITKIN AVENUE,"40.676117, -73.869676"
K160,5105 Fort Hamilton Parkway,"40.6369354, -73.999073"
K161,330 CROWN STREET,"40.6659051, -73.9492002"
K162,1390 WILLOUGHBY AVENUE,"40.7068713, -73.9200201"
K163,1664 BENSON AVENUE,"40.6069424, -74.0073269"
K164,4211 14 AVENUE,"40.6371733, -73.985845"
K165,76 LOTT AVENUE,"40.6571963, -73.9109443"
K166 ,800 VAN SICLEN AVE,"40.6596371, -73.8855967"
K167,1025 EASTERN PARKWAY,"40.6695138, -73.9343285"
K169,4305 7 AVENUE,"40.8266408, -73.9352535"
K170,7109 6 AVENUE,"40.63037, -74.018707"
K171,528 RIDGEWOOD AVENUE,"40.685841, -73.869429"
K172,825 4 AVENUE,"40.6575977, -74.0000943"
K174,574 DUMONT AVENUE,"40.6655567, -73.8976406"
K175,226 BRISTOL STREET,"40.6655301, -73.9120609"
K176,1225 69 STREET,"40.6247586, -74.0050738"
K177,346 AVENUE P,"40.608456, -73.9744967"
K178,2163 DEAN STREET,"40.6752336, -73.9153064"
K179,202 AVENUE C,"40.7273043, -73.9764771"
K180,5601 16 AVENUE,"40.6265896, -73.9894638"
K181,1023 NEW YORK AVENUE,"40.6480901, -73.9459114"
K183,76 RIVERDALE AVENUE,"40.6599698, -73.9136157"
K184,273 NEWPORT STREET,"40.6602284, -73.9049467"
K185,8601 RIDGE BOULEVARD,"40.6236345, -74.0334917"
K186,7601 19 AVENUE,"40.6111062, -73.9945926"
K188,3314 NEPTUNE AVENUE,"40.5767764, -74.0005389"
K189,1100 EAST NEW YORK AVENUE,"40.6654464, -73.9256806"
K190,590 SHEFFIELD AVENUE,"40.662265, -73.894749"
K191,1600 PARK PLACE,"40.6718115, -73.9241962"
K192,4715 18 AVENUE,"40.6289888, -73.9798624"
K193,2515 AVENUE L,"40.6218516, -73.9502828"
K194,3117 AVENUE W,"40.5974043, -73.9340849"
K195,131 IRWIN STREET,"40.580244, -73.9435918"
K196,207 BUSHWICK AVENUE,"40.7087808, -73.9395289"
K197,1599 EAST  22 STREET,"40.6125713, -73.9515546"
K198,4105 FARRAGUT ROAD,"40.6373818, -73.9370465"
K199,1100 ELM AVENUE,"40.6165667, -73.9631339"
K200,1940 BENSON AVENUE,"40.6029022, -74.0018256"
K201,8010 12 AVENUE,"40.6187449, -74.0133105"
K202,982 HEGEMAN AVENUE,"40.6662563, -73.8764047"
K203,5101 AVENUE M,"40.621911, -73.9257232"
K204,8101 15 AVENUE,"40.6136795, -74.0063557"
K205,6701 20 AVENUE,"40.6148257, -73.9869986"
K206,2200 GRAVESEND NECK ROAD,"40.5971351, -73.948515"
K207,4011 FILLMORE AVENUE,"40.613779, -73.9303039"
K208,4801 AVENUE D,"40.642701, -73.9309"
K209,2609 EAST  7 STREET,"40.5867695, -73.9614784"
K210,188 ROCHESTER AVENUE,"40.672706, -73.9289299"
K211,1001 EAST 100 STREET,"40.6431634, -73.8956577"
K212,87 BAY  49 STREET,"40.5874946, -73.9856106"
K213,580 HEGEMAN AVENUE,"40.6600483, -73.8902194"
K214,2944 PITKIN AVENUE,"40.6763238, -73.8630617"
K215,415 AVENUE S,"40.6024654, -73.9700719"
K216,350 AVENUE X,"40.5901813, -73.9696613"
K217,1100 NEWKIRK AVENUE,"40.633626, -73.9662726"
K218,370 FOUNTAIN AVENUE,"40.6700636, -73.8745557"
K219,1060 CLARKSON AVENUE,"40.6589959, -73.9224849"
K220,4812 9TH AVENUE,"40.8726649, -73.9115626"
K221,791 EMPIRE BOULEVARD,"40.6639361, -73.9360597"
K222,3301 QUENTIN ROAD,"40.613814, -73.9389991"
K223,4200 16 AVENUE,"40.6349573, -73.9822565"
K224,757 WORTMAN AVENUE,"40.6646803, -73.8658509"
K225,1075 OCEAN VIEW AVENUE,"40.5798595, -73.9560852"
K226,6006 23 AVENUE,"40.615326, -73.9769444"
K227,6500 16 AVENUE,"40.6218446, -73.9955288"
K228,228 AVENUE S,"40.6008156, -73.9768379"
K229,1400 BENSON AVENUE,"40.6105773, -74.0133005"
K230,1 ALBEMARLE ROAD,"40.6453183, -73.9802923"
K232,905 WINTHROP STREET,"40.6586846, -73.9286824"
K233,9301 AVENUE B,"40.6514078, -73.9140211"
K234,1875 EAST  17 STREET,"40.6044374, -73.9551709"
K235,525 LENOX ROAD,"40.655042, -73.9406764"
K236,6302 AVENUE U,"40.6157564, -73.9123755"
K237,50 AVENUE P,"40.6070076, -73.9868516"
K238,1633 EAST  8 STREET,"40.6087872, -73.9645872"
K239,2401 NEPTUNE AVENUE,"40.5786601, -73.9923915"
K240,2500 NOSTRAND AVENUE,"40.6237984, -73.946824"
K241,976 PRESIDENT STREET,"40.6688839, -73.9605414"
K243,1580 DEAN STREET,"40.6757324, -73.9350819"
K244,5404 TILDEN AVENUE,"40.6479176, -73.9256023"
K246,72 VERONICA PLACE,"40.6483647, -73.9534334"
K247,7000 21 AVENUE,"40.6122494, -73.9872188"
K249,18 MARLBOROUGH ROAD,"40.6495549, -73.966506"
K250,108 MONTROSE AVENUE,"40.7067404, -73.9456643"
K251,1037 EAST  54 STREET,"40.6313307, -73.9238402"
K252,1084 LENOX ROAD,"40.6578498, -73.9200323"
K253,601 OCEANVIEW AVENUE,"40.5800844, -73.9619463"
K254,1801 AVENUE Y,"40.5909008, -73.9514896"
K255,1866 EAST  17 STREET,"40.6044665, -73.9560036"
K256,114 KOSCIUSKO STREET,"40.6904818, -73.9497101"
K257,60 COOK STREET,"40.7028051, -73.9414858"
K258,141 MACON STREET,"40.6818962, -73.9456107"
K259,7305 FT HAMILTON PARKWAY,"40.6264814, -74.0149914"
K260,875 WILLIAMS AVENUE,"40.6540103, -73.894627"
K261,314 PACIFIC STREET,"40.6871212, -73.9883653"
K262,500 MACON STREET,"40.6830549, -73.9299591"
K263,210 CHESTER STREET,"40.6662469, -73.9112701"
K264,371 89th Street,"40.7790284, -73.9484423"
K265,101 PARK AVENUE,"40.7508681, -73.9776656"
K268,133 EAST  53 STREET,"40.7584069, -73.9710402"
K269,1957 NOSTRAND AVENUE,"40.6376173, -73.9476627"
K270,241 EMERSON PLACE,"40.6896262, -73.9610938"
K271,1137 HERKIMER STREET,"40.678113, -73.9152109"
K272,101-24 SEAVIEW AVENUE,"40.5896342, -74.0979654"
K273,923 JEROME STREET,"40.6583219, -73.8790652"
K274,800 BUSHWICK AVENUE,"40.694186, -73.928157"
K275,985 ROCKAWAY AVENUE,"40.6557633, -73.9066851"
K276,1070 EAST  83 STREET,"40.7725474, -73.9452002"
K277,2529 GERRITSEN AVENUE,"40.5958779, -73.9279629"
K278,1925 STUART STREET,"40.6066703, -73.9387156"
K279,1070 EAST 104 STREET,"40.6440444, -73.8927372"
K281,8787 24 AVENUE,"40.5944454, -73.9938189"
K282,180 6 AVENUE,"40.7260271, -74.0034422"
K284,213 OSBORN STREET,"40.6669338, -73.9076104"
K285,5909 BEVERLY ROAD,"40.6474432, -73.9207748"
K286,2525 HARING STREET,"40.5911934, -73.938719"
K287,50 NAVY STREET,"40.6978606, -73.9810466"
K288,2950 WEST  25 STREET,"40.5742699, -73.9924766"
K289,900 ST MARKS AVENUE,"40.6742397, -73.9423996"
K290,135 SCHENCK AVENUE,"40.6779316, -73.8897626"
K291,231 PALMETTO STREET,"40.6956477, -73.9154057"
K292,301 VERMONT STREET,"40.671887, -73.893453"
K293,284 BALTIC STREET,"40.685159, -73.9936336"
K296,125 COVERT STREET,"40.6889221, -73.9103296"
K297,700 PARK AVENUE,"40.7695057, -73.965469"
K298,85 WATKINS STREET,"40.671012, -73.9077404"
K299,88 WOODBINE STREET,"40.6909968, -73.9178498"
K302,350 LINWOOD STREET,"40.6769819, -73.8838383"
K303,521 WEST AVENUE,"40.5827027, -73.9723072"
K304,280 HART STREET,"40.6937607, -73.9407315"
K305,344 MONROE STREET,"40.7124612, -73.9838677"
K306,970 VERMONT STREET,"40.6552607, -73.8863345"
K307,209 YORK STREET,"40.7017809, -73.981587"
K308,616 QUINCY STREET,"40.6884471, -73.9352955"
K309,794 MONROE STREET,"40.6881193, -73.9244409"
K310,942 62ND STREET,"40.7602199, -73.9576386"
K312,7103 AVENUE T,"40.6220316, -73.9090726"
K313,283 ADAMS STREET,"40.6946392, -73.9883072"
K314,330 59 STREET,"40.7598284, -73.9630748"
K316,750 CLASSON AVENUE,"40.6745505, -73.9608666"
K317,610 BALTIC STREET,"40.6800879, -73.9805771"
K318,101 WALTON STREET,"40.7032152, -73.9485032"
K319,360 KEAP STREET,"40.7096257, -73.953893"
K320,46 MCKEEVER PLACE,"40.6648781, -73.9595224"
K321,180 7 AVENUE,"40.7427361, -73.9969688"
K324,800 GATES AVENUE,"40.6879384, -73.932378"
K327,111 BRISTOL STREET,"40.6679799, -73.9120847"
K328,330 ALABAMA AVENUE,"40.6678169, -73.898173"
K329,2929 WEST  30 STREET,"40.5748389, -73.9958066"
K331,7002 4TH AVENUE,"40.6337329, -74.0242199"
K332,51 CHRISTOPHER AVENUE,"40.6723332, -73.9062254"
K333,4222 4th Avenue,"40.6506652, -74.0085124"
K335,130 ROCHESTER AVENUE,"40.6744635, -73.9283815"
K345,111 BERRIMAN STREET,"40.6761876, -73.8798861"
K346,1400 PENNSYLVANIA AVENUE,"40.6467447, -73.881849"
K356,104 SUTTER AVENUE,"40.6652972, -73.9178843"
K364,1426 FREEPORT LOOP,"40.6464708, -73.8811318"
K366,965 EAST 107TH STREET,"40.6474167, -73.891766"
K369,383 STATE STREET,"40.6873433, -73.9832644"
K370,3000 WEST 1 STREET,"40.5862329, -73.9703775"
K371,355 37 STREET,"40.7551274, -73.9944871"
K376,194 HARMAN STREET,"40.698048, -73.920166"
K377,200 WOODBINE STREET,"40.6938167, -73.9148786"
K380,370 MARCY AVENUE,"40.7018942, -73.9534592"
K383,1300 GREENE AVENUE,"40.6976382, -73.9195339"
K384,242 COOPER STREET,"40.68977, -73.9048317"
K390,1224 PARK PLACE,"40.672272, -73.9371639"
K391,790 EAST NEW YORK AVENUE,"40.6620866, -73.9364584"
K395,1001 EAST  45 STREET,"40.6360513, -73.9330797"
K397,490 FENIMORE STREET,"40.6587334, -73.9463837"
K398,60 EAST  94 STREET,"40.7856208, -73.9544134"
K399,2707 ALBEMARLE ROAD,"40.6482474, -73.9517783"
K400,2630 BENSON AVENUE,"40.5936235, -73.9861443"
K405,2839 BEDFORD AVENUE,"40.632833, -73.9523773"
K410,2800 OCEAN PARKWAY,"40.5823822, -73.9682211"
K415,5800 TILDEN AVENUE,"40.6480566, -73.9222341"
K420,999 JAMAICA AVENUE,"40.6930052, -73.8690682"
K422,1065 ELTON STREET,"40.6573634, -73.8741237"
K425,3787 BEDFORD AVENUE,"40.6099056, -73.9482591"
K430,29 FT GREENE PLACE,"40.6889345, -73.9764419"
K435,400 PENNSYLVANIA AVENUE,"40.6675989, -73.8947925"
K440,883 CLASSON AVENUE,"40.6699445, -73.9609004"
K445,1601 80 STREET,"40.6130317, -74.0021576"
K450,850 GRAND STREET,"40.7132334, -73.9775892"
K455,1700 FULTON STREET,"40.6789227, -73.9316585"
K458,832 MARCY AVENUE,"40.6846109, -73.9478897"
K460,237 7 AVENUE,"40.7444851, -73.9953492"
K465,911 FLATBUSH AVENUE,"40.6495876, -73.9571761"
K470,600 KINGSTON AVENUE,"40.658665, -73.943838"
K480,400 IRVING AVENUE,"40.6968124, -73.9117231"
K485,350 67 STREET,"40.7646397, -73.9587363"
K486,1171 65 STREET,"40.6278465, -74.0040034"
K490,8301 SHORE ROAD,"40.6271654, -74.0393384"
K495,3000 AVENUE X,"40.5934398, -73.9367825"
K500,1600 ROCKAWAY PARKWAY,"40.640423, -73.8984517"
K505,5800 20 AVENUE,"40.6213242, -73.9825025"
K515,6565 FLATLANDS AVENUE,"40.6337001, -73.9174886"
K520,112 SCHERMERHORN STREET,"40.6899893, -73.9892204"
K525,1600 AVENUE L,"40.6197493, -73.959165"
K535,1830 SHORE BOULEVARD,"40.5807237, -73.935021"
K540,50 AVENUE X,"40.5876721, -73.9814689"
K554,321 PALMETTO STREET,"40.6975906, -73.9130974"
K564,153 35TH STREET,"40.751375, -73.989417"
K580,105 TECH PLACE,"40.6956553, -73.985831"
K590,1186 CARROLL STREET,"40.667, -73.9510136"
K600,901 CLASSON AVENUE,"40.6690793, -73.9614012"
K610,50 BEDFORD AVENUE,"40.7222582, -73.9535961"
K615,1 WELLS STREET,"40.6788153, -73.8753605"
K620,25 BRIGHTON  4TH ROAD,"40.5833256, -73.9636743"
K625,150 ALBANY AVENUE,"40.6753807, -73.939165"
K650,257 NORTH  6 STREET,"40.7156299, -73.9550136"
K655,345 DEAN STREET,"40.6838346, -73.9803552"
K660,145 PENNSYLVANIA AVENUE,"40.6738372, -73.8960768"
K721,8310 21ST AVENUE,"40.6048465, -73.9947464"
K722,64 AVENUE X,"40.589085, -73.9812849"
K728,2865 WEST 19TH STREET,"40.5771391, -73.9856484"
K735,249 EAST 17TH STREET,"40.7345215, -73.984158"
K763,211 8TH STREET,"40.7296953, -73.9901496"
K778,250 HOOPER STREET,"40.7056403, -73.9555862"
K781,1053 41ST STREET,"40.6428159, -73.9925243"
K798,696 JAMAICA AVENUE,"40.6869015, -73.8782758"
K804,347 BALTIC STREET,"40.684876, -73.9908836"
K805,49 FLATBUSH AVENUE EXTENSION,"40.6973504, -73.9845347"
K806,362 SCHERMERHORN STREET,"40.6861539, -73.9798539"
K807,109 BAY 14TH STREET,"40.6065941, -74.0076122"
K814,265 WARWICK STREET,"40.6777766, -73.8866986"
K819,2057 LINDEN BOULEVARD,"40.6612079, -73.8867795"
K824,402 EASTERN PARKWAY,"40.6695182, -73.9552791"
K825,173 CONOVER STREET,"40.6778096, -74.0141327"
K834,512 CARROLL STREET,"40.6765196, -73.9854946"
K843,530 STANLEY AVENUE,"40.6569712, -73.888674"
K845,330 18 STREET,"40.742506, -74.002214"
K849,4001 18 AVENUE,"40.6322837, -73.9732736"
K852,1800 UTICA AVENUE,"40.6284004, -73.9281562"
K857,905 WINTHROP STREET,"40.6586846, -73.9286824"
K860,9517 KINGS HIGHWAY,"40.6598018, -73.920611"
K864,3109 NEWKIRK AVENUE,"40.6407488, -73.947079"
K865,797 BUSHWICK AVENUE,"40.6953801, -73.9275211"
K872,1461 GENEVA LOOP,"40.6462779, -73.8789561"
K874,227 STERLING PLACE,"40.6762703, -73.9697221"
K894,1495 HERKIMER STREET,"40.6775666, -73.9040643"
K902,62 PARK PLACE,"40.7136806, -74.0102333"
K907,1150 EAST NEW YORK AVENUE,"40.6662148, -73.9238747"
K909,561 GRAND AVENUE,"40.6786048, -73.9617567"
K913,1155 DEKALB AVENUE,"40.6947103, -73.9293003"
K914,71-77 CLINTON AVENUE,"40.6953677, -73.9688206"
K917,350 CONEY ISLAND AVENUE,"40.6492022, -73.9718961"
K932,560 BROOK AVENUE,"40.8156277, -73.913902"
K971,6214 4TH AVENUE,"40.6394941, -74.0203031"
K987,1396 BROADWAY,"40.7526315, -73.9869966"
K994,1119 BEDFORD AVENUE,"40.6854925, -73.9540418"
KAGI,153 35th St.,"40.751375, -73.989417"
KAQX,856 QUINCY STREET,"40.6897195, -73.9250191"
KBNU,500 19TH STREET,"40.7452305, -74.0059811"
KBXX,475 EAST   57 STREET,"40.7574564, -73.9608612"
KBZT,2186 MILL AVENUE,"40.611413, -73.913977"
L001,525 CONVENT ROAD,"40.8213673, -73.4883134"
M001,8 HENRY STREET,"40.7125614, -73.9974738"
M002,122 HENRY STREET,"40.7129433, -73.9915573"
M003,490 HUDSON STREET,"40.7326315, -74.0059466"
M004,500 WEST 160 STREET,"40.8348474, -73.9412036"
M005,3703 TENTH AVENUE,"40.8589195, -73.9224277"
M006,45 EAST  81 STREET,"40.777703, -73.9604282"
M007,160 EAST 120 STREET,"40.8006309, -73.9393226"
M008,465 WEST 167 STREET,"40.8393844, -73.9367835"
M009,100 WEST  84 STREET,"40.785101, -73.9738667"
M010,2581 7TH AVENUE,"40.8244633, -73.936447"
M011,320 WEST  21 STREET,"40.7445487, -74.0007372"
M013,1573 MADISON AVENUE,"40.793747, -73.9485723"
M015,333 EAST  4 STREET,"40.7218342, -73.9787655"
M017,328 WEST  48 STREET,"40.7613287, -73.9886685"
M019,185 1 AVENUE,"40.7298923, -73.9842311"
M020,166 ESSEX STREET,"40.7212739, -73.9863152"
M022,111 COLUMBIA STREET,"40.7195002, -73.9792392"
M025,145 STANTON STREET,"40.7201848, -73.9859574"
M028,475 WEST 155 STREET,"40.8316548, -73.9420791"
M030,144-176 EAST 128 STREET,"40.805584, -73.9354839"
M033,281 9 AVENUE,"40.7489449, -74.0002433"
M034,730 EAST  12 STREET,"40.7261465, -73.9750432"
M036,123 MORNINGSIDE DRIVE,"40.810705, -73.957404"
M040,319 EAST 19 STREET,"40.735118, -73.9816969"
M041,116 WEST  11 STREET,"40.7355263, -73.9991134"
M042,71 HESTER STREET,"40.716136, -73.9908411"
M043,509 WEST 129 STREET,"40.8157451, -73.9556001"
M044,100 WEST  77 STREET,"40.7810814, -73.9780846"
M045,2351 1ST AVENUE,"40.7993154, -73.9339517"
M046,2987 FREDERICK DGLS BLVD,"40.8314958, -73.9361544"
M047,223 EAST 23 STREET,"40.738621, -73.9815344"
M048,4360-78 BROADWAY,"40.8533239, -73.933497"
M050,433 EAST 100 STREET,"40.6501583, -73.9038627"
M052,650 ACADEMY STREET,"40.8659143, -73.925157"
M054,103 WEST 107 STREET,"40.8005115, -73.962802"
M056,220 HENRY STREET,"40.7133429, -73.9860695"
M057,176 EAST 115 STREET,"40.7971563, -73.9412854"
M058,317 WEST  52ND STREET,"40.7640485, -73.985947"
M060,420 EAST 12 STREET,"40.7291532, -73.982474"
M540,443 WEST 135 STREET,"40.8183996, -73.9499603"
M061,610 EAST  12 STREET,"40.7277257, -73.9783818"
M063,121 EAST  3 STREET,"40.7244039, -73.9863598"
M064,600 EAST  6 STREET,"40.7237469, -73.9816019"
M066,421 EAST  88 STREET,"40.7779236, -73.9473156"
M070,333 WEST  17 STREET,"40.7425709, -74.0023709"
M072,131 EAST 104 STREET,"40.7914507, -73.9474485"
M075,735 WEST END AVENUE,"40.7951104, -73.9739883"
M076,220 WEST 121 STREET,"40.8065406, -73.9513684"
M079,55 EAST 120 STREET,"40.8025088, -73.9423705"
M083,219 EAST 109 STREET,"40.7931298, -73.9418125"
M084,32 WEST  92 STREET,"40.7893822, -73.9680996"
M087,160 WEST  78 STREET,"40.781788, -73.9780085"
M088,215 WEST 114 STREET,"40.8022843, -73.9540802"
M089,201 WARREN STREET,"40.7168673, -74.0136226"
M090,21 JUMEL PLACE,"40.8394084, -73.9357719"
M092,222 WEST 134 STREET,"40.814949, -73.9458079"
M093,501-503 WEST 152 STREET,"40.8299413, -73.9446256"
M096,216 EAST 120 STREET,"40.799987, -73.9373878"
M097,525 EAST HOUSTON STREET,"40.7180919, -73.9760746"
M098,512 WEST 212 STREET,"40.8678226, -73.917818"
M099,410 EAST 100 STREET,"40.6501, -73.9038466"
M101,141 EAST 111 STREET,"40.7960456, -73.9445487"
M102,315 EAST 113 STREET,"40.8030551, -73.9575689"
M104,330 EAST  21 STREET,"40.7357349, -73.9806113"
M107,1680 LEXINGTON AVENUE,"40.7919857, -73.9467809"
M108,1615 MADISON AVENUE,"40.7950348, -73.9478723"
M110,285 DELANCY STREET,"40.7152934, -73.9799271"
M111,440 WEST  53 STREET,"40.7658339, -73.9896022"
M112,535 EAST 119 STREET,"40.7964942, -73.9300386"
M113,240 WEST 113 STREET,"40.8016506, -73.9552947"
M114,331 EAST 91ST STREET,"40.7806455, -73.9475443"
M115,586 WEST 177 STREET,"40.8461336, -73.9351439"
M116,210 EAST  33 STREET,"40.744425, -73.9776339"
M117,240 EAST 109 STREET,"40.7925899, -73.9421187"
M118,154 WEST  93 STREET,"40.7916848, -73.9707702"
M121,232 EAST 103 STREET,"40.7886837, -73.9447655"
M123,301 WEST 140 STREET,"40.820192, -73.9444568"
M124,40 DIVISION STREET,"40.7144262, -73.9955257"
M125,433 WEST 123 STREET,"40.8108537, -73.9563386"
M126,80 CATHERINE STREET,"40.7104484, -73.9970012"
M128,560 WEST 169 STREET,"40.8410469, -73.9387515"
M129,425 WEST 130 STREET,"40.8149807, -73.9521208"
M130,143 BAXTER STREET,"40.7188194, -73.9982635"
M131,100 HESTER STREET,"40.7162131, -73.9935545"
M600,225 WEST  24 STREET,"40.7457046, -73.9963938"
M132,185 WADSWORTH AVENUE,"40.8505433, -73.9339326"
M133,2121 5 AVENUE,"40.809663, -73.9391478"
M134,293 EAST BROADWAY,"40.7143013, -73.9829659"
M136,6 EDGECOMBE AVENUE,"40.8172823, -73.9472381"
M137,327 CHERRY STREET,"40.7114373, -73.9854864"
M140,123 RIDGE STREET,"40.7191282, -73.9832826"
M142,100 ATTORNEY STREET,"40.7182302, -73.9840825"
M143,511 WEST 182ND STREET,"40.8490987, -73.9311063"
M144,134 WEST 122 STREET,"40.8061739, -73.9483347"
M145,150 WEST 105 STREET,"40.79909, -73.9653593"
M146,421 EAST 106 STREET,"40.7896995, -73.9390935"
M152,93 NAGLE AVENUE,"40.8600515, -73.9276015"
M153,1750 AMSTERDAM AVENUE,"40.8264766, -73.9474577"
M154,250 WEST 127 STREET,"40.8105552, -73.9488623"
M155,319 EAST 117 STREET,"40.7974949, -73.9361933"
M158,1458 YORK AVENUE,"40.770203, -73.9507299"
M161,499 WEST 133 STREET,"40.817721, -73.952459"
M163,163 WEST  97 STREET,"40.7949452, -73.9685351"
M164,401 WEST 164 STREET,"40.8369119, -73.9374121"
M165,234 WEST 109 STREET,"40.802678, -73.96595"
M166,132 WEST  89 STREET,"40.788883, -73.9724552"
M167,220 EAST  76 STREET,"40.7718269, -73.9579403"
M169,110 EAST  88 STREET,"40.7808828, -73.9556596"
M171,19 EAST 103 STREET,"40.7923039, -73.9514494"
M173,306 FORT WASHINGTON AVENUE,"40.8456199, -73.9397377"
M175,175 WEST 134 STREET,"40.8142585, -73.9426617"
M176,4862 BROADWAY,"40.8665218, -73.9238183"
M178,12-18 ELLWOOD STREET,"40.8593171, -73.9282318"
M180,370 WEST 120 STREET,"40.8076092, -73.9558388"
M183,419 EAST  66 STREET,"40.7637622, -73.957759"
M185,20 WEST 112 STREET,"40.7984949, -73.9498493"
M187,349 CABRINI BOULEVARD,"40.856137, -73.9372952"
M188,442 EAST HOUSTON STREET,"40.7198704, -73.9773763"
M189,2580 AMSTERDAM AVENUE,"40.8530906, -73.9279992"
M190,311 EAST  82 STREET,"40.7751373, -73.952812"
M191,210 WEST  61 STREET,"40.7717427, -73.9875717"
M192,500 WEST 138 STREET,"40.8209878, -73.9529951"
M194,244 WEST 144 STREET,"40.8211816, -73.9406654"
M195,625 WEST 133 STREET,"40.8197643, -73.9572398"
M197,2230 5 AVENUE,"40.8132983, -73.9378281"
M198,1700 3 AVENUE,"40.7850142, -73.9500312"
M199,270 WEST  70 STREET,"40.7777661, -73.9847365"
M200,2589 7 AVENUE,"40.8239553, -73.935802"
M206,508 EAST 120 STREET,"40.7969061, -73.9299784"
M207,41 WEST 117 STREET,"40.8026661, -73.9482563"
M208,21 WEST 111 STREET,"40.7983413, -73.9504528"
M218,4600 BROADWAY,"40.8608196, -73.9300663"
M223,71-111 CONVENT AVE,"40.8161719, -73.9521035"
M234,292 GREENWICH STREET,"40.7160959, -74.0117653"
M263,202 SHERMAN AVE,"40.8655733, -73.9216022"
M267,213 EAST 63RD STREET,"40.763854, -73.963813"
M271,645 MAIN STREET,"40.7639687, -73.9484678"
M276,55 BATTERY PLACE,"40.7065629, -74.0175278"
M281,425 EAST 35TH STREET,"40.7443352, -73.9724932"
M282,26 BROADWAY,"40.7054423, -74.0128882"
M338,525 WEST 44TH STREET,"40.7615926, -73.9955896"
M340,590 SIXTH AVENUE,"40.7389298, -73.9951726"
M371,276 WEST 151ST STREET,"40.8259644, -73.937942"
M387,701 Fort Washington Avenue,"40.857903, -73.9357505"
M435,260 PLEASANT AVENUE,"40.794167, -73.932694"
M440,351 WEST  18 STREET,"40.7433678, -74.0025475"
M445,350 GRAND STREET,"40.7173162, -73.989318"
M446,200 MONROE STREET,"40.7122514, -73.9841228"
M451,250 WEST  18 STREET,"40.7418215, -74.0002348"
M460,40 IRVING PLACE,"40.7353237, -73.9870812"
M465,549 AUDUBON AVENUE,"40.8562127, -73.9265543"
M470,145 WEST  84 STREET,"40.7859536, -73.9740725"
M475,345 EAST  15TH STREET,"40.7326759, -73.9825764"
M477,345 CHAMBERS STREET,"40.7179464, -74.0139052"
M480,317 EAST  67 STREET,"40.7653683, -73.9596962"
M485,100 AMSTERDAM AVENUE,"40.7741609, -73.9859188"
M486,120 WEST  46 STREET,"40.7576399, -73.9833982"
M488,231-249 EAST 56 STREET,"40.759213, -73.966183"
M490,122 AMSTERDAM AVENUE,"40.7748991, -73.9856157"
M495,230 EAST 105 STREET,"40.7902049, -73.9441678"
M501,2005 MADISON AVENUE,"40.8069921, -73.9386038"
M506,140 WEST 102 STREET,"40.7971309, -73.9667832"
M510,198 FORSYTH STREET,"40.7224143, -73.9904913"
M520,411 PEARL STREET,"40.7110316, -74.0013216"
M528,180 WADSWORTH AVENUE,"40.8506755, -73.9346974"
M535,525 WEST  50TH STREET,"40.7655928, -73.9929852"
Q147,218-01 116 AVENUE,"40.698026, -73.740151"
M615,131 AVENUE OF THE AMERICAS,"40.7246371, -74.0050644"
M620,111 EAST  33RD STREET,"40.7464334, -73.9810279"
M625,439 WEST 49TH STREET,"40.7639993, -73.9908346"
M641,250 WEST HOUSTON STREET,"40.7291044, -74.0062855"
M645,320 EAST  96 STREET,"40.7832825, -73.9459371"
M660,127 EAST  22 STREET,"40.7390954, -73.985349"
M661,240 2 AVENUE,"40.7326748, -73.9843188"
M751,113 EAST  4TH STREET,"40.7257169, -73.9878598"
M807,2-10 ASTOR PLACE,"40.7297006, -73.9922318"
M812,240 CONVENT AVE,"40.8213947, -73.9488459"
M814,504 WEST 158TH STREET,"40.8334867, -73.9424463"
M816,323 EAST 91 STREET,"40.7805796, -73.9479101"
M824,75 BROAD STREET,"40.7046866, -74.0112304"
M833,100 TRINITY PLACE,"40.7092906, -74.0123296"
M834,444 WEST 56 STREET,"40.7678689, -73.9882469"
M837,227-243 WEST 61ST STREET,"40.7724873, -73.9881532"
M840,334 GREENWICH STREET,"40.7180827, -74.010942"
M841,466 WEST END AVENUE,"40.7863206, -73.9792435"
M855,411 EAST 76 STREET,"40.770282, -73.953267"
M860,52 CHAMBERS STREET,"40.7133956, -74.0055426"
M873,43 WEST  22 STREET,"40.7419614, -73.9922556"
M874,55 EAST  25 STREET,"40.7418743, -73.9858507"
M876,501 WEST 165TH,"40.8384136, -73.9385717"
M877,"10 SOUTH STREET, SLIP 7","40.7041461, -74.0087148"
M883,34 WEST  14 STREET,"40.7365859, -73.9954734"
M894,90 TRINITY PLACE,"40.7089829, -74.0124667"
M895,105 EAST 106TH STREET,"40.792935, -73.947168"
M896,123 WEST  43 STREET,"40.7561154, -73.9844504"
M898,4124 9 AVENUE,"40.8716464, -73.9116182"
M905,890 BROADWAY,"40.7385401, -73.9894855"
M911,22 EAST 128 STREET,"40.8077665, -73.9399252"
M916,168 MORNINGSIDE AVENUE,"40.8125165, -73.9535404"
M918,421 W 219TH ST,"40.8715667, -73.9123373"
M920,120 WEST  30 STREET,"40.7474312, -73.9905507"
M932,129 WEST  67 STREET,"40.7752206, -73.9829968"
M933,425 WEST 33RD STREET,"40.7533889, -73.9978955"
M970,200-214 WEST 135TH STREET,"40.8152968, -73.9443043"
M971,12 SPRUCE STREET,"40.7110565, -74.0053612"
MANN,1818 Amsterdam Ave,"40.8286152, -73.9454018"
O308,3151 STONEY STREET,"41.3104256, -73.8376124"
Q002,75-10 21 AVENUE,"40.7697001, -73.8941404"
Q003,108-55 69 AVENUE,"40.7257552, -73.8440424"
Q005,50-40 JACOBUS STREET,"40.7374353, -73.8879365"
Q007,80-55 CORNISH AVENUE,"40.7397494, -73.8825748"
Q008,108-35 167 STREET,"40.6971478, -73.7866095"
Q009,58-74 57 STREET,"40.7183488, -73.9122407"
Q010,45-11 31ST AVE,"40.7595184, -73.9124987"
Q011,54-25 SKILLMAN AVENUE,"40.7455172, -73.909077"
Q012,42-00 72 STREET,"40.7423048, -73.8934898"
Q013,55-01 94 STREET,"40.7372798, -73.8679645"
Q014,107-01 OTIS AVENUE,"40.7409175, -73.8543016"
Q015,121-15 LUCAS STREET,"40.6859976, -73.7568074"
Q017,28-37 29 STREET,"40.7682591, -73.9227537"
Q018,86-35 235 COURT,"40.7321073, -73.732064"
Q019,98-02 ROOSEVELT AVENUE,"40.7493709, -73.8674498"
Q020,142-30 BARCLAY AVENUE,"40.758365, -73.8244069"
Q021,147-36 26 AVENUE,"40.7741682, -73.8185428"
Q022,153-33 SANFORD AVENUE,"40.761748, -73.811379"
Q023,138-11 35 AVENUE,"40.7656054, -73.8283396"
Q024,141-11 HOLLY AVENUE,"40.7517618, -73.8177796"
Q025,34-65 192 STREET,"40.7650172, -73.7896893"
Q026,195-02 69 AVENUE,"40.736575, -73.778081"
Q028,109-10 47 AVENUE,"40.7469882, -73.8545206"
Q029,125-10 23 AVENUE,"40.7779868, -73.8429746"
Q030,126-10 BEDELL STREET,"40.6797874, -73.7740177"
Q031,211-45 46 ROAD,"40.7576312, -73.7691484"
Q032,171-11 35 AVENUE,"40.7652597, -73.7943689"
Q033,91-37 222 STREET,"40.727164, -73.73409"
Q034,104-12 SPRINGFIELD BOULEVARD,"40.7108896, -73.7379671"
Q035,191-02 90 AVENUE,"40.713433, -73.7688809"
Q036,187-01 FOCH BOULEVARD,"40.6907729, -73.7639889"
Q037,179-37 137 AVENUE,"40.6762512, -73.758597"
Q038,135-21 241 STREET,"40.6716309, -73.7339764"
Q040,109-20 UNION HALL STREET,"40.6939852, -73.7908673"
Q041,214-43 35 AVENUE,"40.7700561, -73.7710849"
Q042,488 BEACH  66 STREET,"40.594435, -73.7949455"
Q043,160 BEACH  29 STREET,"40.5940187, -73.761378"
Q045,126-28 150 STREET,"40.6654475, -73.8139874"
Q046,64-45 218 STREET,"40.745726, -73.758047"
Q047,9 POWER ROAD,"40.6064907, -73.8208123"
Q049,63-60 80th Street,"40.7195174, -73.8750343"
Q050,143-26 101 AVENUE,"40.694854, -73.806837"
Q051,87-45 117 STREET,"40.6982438, -73.8317233"
Q052,178-37 146 TERRACE,"40.6612513, -73.7669234"
Q053,10-45 NAMEOKE STREET,"40.6039506, -73.7498677"
Q054,86-02 127 STREET,"40.7026728, -73.8244673"
Q055,131-10 97 AVENUE,"40.6936, -73.816147"
Q056,86-10 114 STREET,"40.6991063, -73.8354709"
Q058,72-24 GRAND AVENUE,"40.72851, -73.890603"
Q059,132-55 RIDGEDALE STREET,"40.6818878, -73.7530444"
Q060,91-02 88 AVENUE,"40.691436, -73.85279"
Q061,98-50 50 AVENUE,"40.7420865, -73.8628075"
Q062,97-25 108 STREET,"40.6883657, -73.8355943"
Q063,90-15 SUTTER AVENUE,"40.6769032, -73.84656"
Q064,82-01 101 AVENUE,"40.6811531, -73.857012"
Q066,85-11 102 STREET,"40.6979133, -73.84631"
Q067,51-60 MARATHON PARKWAY,"40.7624372, -73.7344259"
Q068,59-09 SAINT FELIX AVENUE,"40.6968584, -73.8973882"
Q069,77-02 37 AVENUE,"40.7487993, -73.8884638"
Q070,30-45 42 STREET,"40.761734, -73.913973"
Q071,62-85 FOREST AVENUE,"40.7113999, -73.9047626"
Q072,133-25 GUY R BREWER BOULEVARD,"40.6750607, -73.7756104"
Q073,70-02 54 AVENUE,"40.7285961, -73.8932957"
Q074,61-15 OCEANIA STREET,"40.7450831, -73.7668808"
Q075,16-66 HANCOCK STREET,"40.6987123, -73.9049725"
Q076,36-36 10 STREET,"40.760848, -73.941632"
Q079,147-27 15 DRIVE,"40.7859588, -73.8173491"
Q080,171-05 137TH AVENUE,"40.6732635, -73.7690139"
Q081,559 CYPRESS AVENUE,"40.7038519, -73.9119386"
Q082,88-02 144 STREET,"40.7041026, -73.8117845"
Q084,22-45 41 STREET,"40.7711822, -73.906108"
Q085,23-70 31 STREET,"40.7730089, -73.9148429"
Q086,87-41 PARSONS BOULEVARD,"40.7094563, -73.8035633"
Q087,67-54 80 STREET,"40.711906, -73.871298"
Q088,60-85 CATALPA AVENUE,"40.7040997, -73.8964097"
Q089,85-28 BRITTON AVENUE,"40.745942, -73.879623"
Q090,86-50 109 STREET,"40.6967154, -73.8392673"
Q091,68-10 CENTRAL AVE,"40.703479, -73.883974"
Q093,66-56 FOREST AVENUE,"40.7058553, -73.9028273"
Q094,41-77 LITTLE NECK PARKWAY,"40.7713037, -73.7387655"
Q095,179-01 90 AVENUE,"40.7111888, -73.7832247"
Q096,130-01 ROCKAWAY BOULEVARD,"40.6753572, -73.8081312"
Q097,85-52 85 STREET,"40.694215, -73.860039"
Q098,40-20 235 STREET,"40.7691299, -73.7498387"
Q099,82-37 KEW GARDENS ROAD,"40.711486, -73.827742"
Q100,111-11 118 STREET,"40.8025189, -73.94622"
Q101,2 RUSSELL PLACE,"40.715537, -73.843379"
Q102,55-24 VAN HORN STREET,"40.7332744, -73.8779549"
Q104,26-01 MOTT AVENUE,"40.6083067, -73.7647105"
Q105,420 BEACH  51 STREET,"40.595904, -73.781257"
Q106,180 BEACH  35 STREET,"40.5946809, -73.7671077"
Q107,167-02 45 AVENUE,"40.7554439, -73.7994064"
Q108,108-10 109 AVENUE,"40.6792199, -73.8310603"
Q109,213-10 92 AVENUE,"40.720412, -73.7465724"
Q111,37-15 13 STREET,"40.7585496, -73.9392371"
Q112,25-05 37 AVENUE,"40.7572171, -73.9339221"
Q113,78-23 87TH STREET,"40.7052426, -73.8619353"
Q114,134-01 CRONSTON AVENUE,"40.578292, -73.8543188"
Q115,80-51 261 STREET,"40.7438573, -73.7092974"
Q116,107-25 WREN PLACE,"40.7007801, -73.7818406"
Q117,85-15 143 STREET,"40.7102309, -73.8130569"
Q118,190-20 109 ROAD,"40.7032974, -73.7653335"
Q119,74-01 78 AVENUE,"40.705198, -73.875033"
Q120,58-01 136 STREET,"40.7452179, -73.8287456"
Q121,126-10 109 AVENUE,"40.6838583, -73.8155423"
Q122,21-21 DITMARS BOULEVARD,"40.7802869, -73.9160468"
Q123,145-01 119 AVENUE,"40.678902, -73.7955549"
Q124,129-15 150 AVENUE,"40.665478, -73.8110933"
Q125,46-02 47 AVENUE,"40.7408445, -73.9186741"
Q126,31-51 21 STREET,"40.7661011, -73.9299135"
Q127,98-01 25 AVENUE,"40.7649787, -73.8711964"
Q129,128-02 7 AVENUE,"40.789929, -73.839501"
Q130,200-01 42 AVENUE,"40.7600715, -73.7839084"
Q131,170-45 84 AVENUE,"40.7169971, -73.7939177"
Q132,132-15 218 STREET,"40.6819915, -73.7495052"
Q133,248-05 86 AVENUE,"40.7317283, -73.7179469"
Q134,203-02 109 AVENUE,"40.707983, -73.7552939"
Q135,207-11 89 AVENUE,"40.720849, -73.757595"
Q136,201-15 115 AVENUE,"40.698936, -73.752691"
Q137,109-15 98 STREET,"40.6780703, -73.8396521"
Q138,251-11 WELLER AVENUE,"40.6599832, -73.7344343"
Q139,93-06 63 DRIVE,"40.727995, -73.862551"
Q140,166-01 116 AVENUE,"40.68748, -73.781249"
Q141,37-11 21 AVENUE,"40.7758926, -73.9045645"
Q142,142-10 LINDEN BOULEVARD,"40.6837697, -73.8010187"
Q143,34-74 113 STREET,"40.7551817, -73.8554755"
Q144,93-02 69 AVENUE,"40.7150517, -73.8529435"
Q145,33-34 80 STREET,"40.7543262, -73.8875943"
Q146,98-01 159 AVENUE,"40.6602302, -73.8347263"
Q148,89-02 32 AVENUE,"40.7576279, -73.878619"
Q149,93-11 34 AVENUE,"40.7552967, -73.8744262"
Q150,40-01 43 AVENUE,"40.7457471, -73.9233202"
Q151,50-05 31 AVENUE,"40.7576706, -73.9083676"
Q152,33-52 62 STREET,"40.7530928, -73.90053"
Q153,60-02 60 LANE,"40.716288, -73.904467"
Q154,75-02 162 STREET,"40.7264369, -73.8075916"
Q155,130-02 115 AVENUE,"40.6792465, -73.8101446"
Q156,229-02 137 AVENUE,"40.6720872, -73.743438"
Q157,63-55 102ND STREET,"40.7322865, -73.8530536"
Q158,46-35 OCEANIA STREET,"40.7563745, -73.7723202"
Q159,205-01 33 AVENUE,"40.770092, -73.7839769"
Q160,109-59 INWOOD STREET,"40.6880172, -73.7999654"
Q161,101-33 124 STREET,"40.690426, -73.821065"
Q162,201-02 53 AVENUE,"40.748394, -73.776565"
Q163,159-01 59 AVENUE,"40.741093, -73.808757"
Q164,138-01 77 AVENUE,"40.7211586, -73.8231641"
Q165,70-35 150 STREET,"40.7295971, -73.8177163"
Q166,33-09 35 AVENUE,"40.7574989, -73.9262379"
Q168,158-40 76 ROAD,"40.724191, -73.80937"
Q169,18-25 212 STREET,"40.7823459, -73.77844"
Q171,14-14 29 AVENUE,"40.7710982, -73.9294621"
Q172,81-14 257 STREET,"40.7420673, -73.7130199"
Q173,174-10 67 AVENUE,"40.7340865, -73.7952832"
Q174,65-10 DIETERLE CRESCENT,"40.720572, -73.861471"
Q175,64-35 102 STREET,"40.731005, -73.852189"
Q176,120-45 235 STREET,"40.6848695, -73.7296779"
Q177,56-37 188 STREET,"40.7431599, -73.7874465"
Q178,189-10 RADNOR ROAD,"40.7243137, -73.7770145"
Q179,196-25 PECK AVENUE,"40.7416616, -73.7783377"
Q180,320 BEACH 104TH STREET,"40.5844498, -73.8251698"
Q181,148-15 230 STREET,"40.6562032, -73.7531283"
Q183,2-45 BEACH  79 STREET,"40.5889357, -73.8052824"
Q184,163-15 21 ROAD,"40.7781644, -73.7998406"
Q185,147-26 25 DRIVE,"40.7751216, -73.8184999"
Q186,252-12 72 AVENUE,"40.7496437, -73.7214397"
Q188,218-12 HARTLAND AVENUE,"40.7361188, -73.7535742"
Q189,144-80 BARCLAY AVENUE,"40.7603435, -73.8179087"
Q190,68-17 AUSTIN STREET,"40.7230138, -73.8518455"
Q191,85-15 258 STREET,"40.7342217, -73.7089196"
Q192,109-89 204 STREET,"40.7057537, -73.7527082"
Q193,152-20 11 AVENUE,"40.792326, -73.8095158"
Q194,154-60 17 AVENUE,"40.78322, -73.806977"
Q195,253-50 149 AVENUE,"40.652625, -73.7352053"
Q196,71-25 113 STREET,"40.722976, -73.8377256"
Q197,825 HICKSVILLE ROAD,"40.5999875, -73.7439954"
Q198,3-65 BEACH 56 STREET,"40.763635, -73.9772705"
Q199,39-20 48 AVENUE,"40.7399816, -73.9263768"
Q200,70-10 164 STREET,"40.7310597, -73.8054492"
Q201,65-11 155 STREET,"40.736521, -73.813001"
Q202,138-30 LAFAYETTE STREET,"40.6708858, -73.8456736"
Q203,53-11 SPRINGFIELD BOULEVARD,"40.7535633, -73.7599913"
Q204,36-41 28 STREET,"40.7566277, -73.9326479"
Q205,75-25 BELL BOULEVARD,"40.73801, -73.756381"
R042,380 GENESEE AVENUE,"40.552214, -74.16904"
Q206,61-02 98 STREET,"40.7347409, -73.8607989"
Q207,159-15 88 STREET,"40.657832, -73.8440388"
Q208,74-30 COMMONWEALTH BLVD,"40.744184, -73.727581"
Q209,16-10 UTOPIA PARKWAY,"40.7837142, -73.7950273"
Q210,93-11 101 AVENUE,"40.684802, -73.8475694"
Q212,34-25 82 STREET,"40.7530599, -73.8846539"
Q213,231-02 67 AVENUE,"40.747524, -73.745381"
Q214,31-15 140 STREET,"40.7701939, -73.82762"
Q215,535 BRIAR PLACE,"40.5997037, -73.7583551"
Q216,64-20 175 STREET,"40.7373644, -73.7941586"
Q217,85-05 144 STREET,"40.7105094, -73.8118746"
Q219,144-39 GRAVETT ROAD,"40.7358552, -73.8235834"
Q220,62-10 108 STREET,"40.7365, -73.8518454"
Q221,57-40 MARATHON PARKWAY,"40.7586405, -73.7313503"
Q222,86-15 37 AVENUE,"40.750434, -73.879973"
Q223,125-20 SUTPHIN BOULEVARD,"40.674555, -73.7902123"
Q225,190 BEACH 110 STREET,"40.5809065, -73.8313599"
Q226,121-10 ROCKAWAY BOULEVARD,"40.6750633, -73.8166917"
Q227,32-02 JUNCTION BOULEVARD,"40.757566, -73.874573"
Q228,32-63 93 STREET,"40.7569451, -73.8748822"
Q229,67-25 51 ROAD,"40.7344927, -73.8972088"
Q230,73-10 34 AVENUE,"40.7526398, -73.8928407"
Q231,145-00 SPRINGFIELD BOULEVARD,"40.6648583, -73.7590877"
Q232,153-23 83 STREET,"40.6658495, -73.8510272"
Q234,30-14 30 STREET,"40.766708, -73.9230524"
Q237,46-21 COLDEN STREET,"40.7495386, -73.8214543"
Q238,88-15 182 STREET,"40.712772, -73.7801733"
Q239,17-15 WEIRFIELD STREET,"40.69943, -73.903833"
Q242,29-66 137 STREET,"40.7697889, -73.8320195"
Q244,137-20 FRANKLIN AVENUE,"40.7545804, -73.8261767"
Q245,378 SENECA AVENUE,"40.706955, -73.9149593"
Q247,69-10 65th Drive,"40.7150089, -73.8862248"
Q251,144-51 ARTHUR STREET,"40.665341, -73.7593347"
Q253,1307 CENTRAL AVENUE,"40.6072955, -73.7488118"
Q254,84-40 101 STREET,"40.697177, -73.847866"
Q260,40-20 100TH STREET,"40.7493233, -73.8656571"
Q262,95-16 89TH AVENUE,"40.69146, -73.848566"
Q263,222-14 JAMAICA AVENUE,"40.7207298, -73.7313942"
Q266,74-10 COMMONWEALTH BOULEVARD,"40.746011, -73.7283855"
Q268,92-07 175 STREET,"40.7076516, -73.7852195"
Q269,86-37 53RD AVENUE,"40.7358509, -73.878713"
Q270,233-15 MERRICK BOULEVARD,"40.6749904, -73.7363585"
Q273,88-07 102ND STREET,"40.6934165, -73.8445255"
Q276,108-29 155 STREET,"40.6935709, -73.7961891"
Q277,153-27 88TH AVENUE,"40.7065064, -73.8031883"
Q280,34-20 94TH STREET,"40.7538212, -73.8739373"
Q287,110-08 NORTHERN BOULEVARD,"40.7576977, -73.8589062"
Q290,55-20 METROPOLITAN AVENUE,"40.712656, -73.908184"
Q292,99-01 34 AVENUE,"40.7562032, -73.868653"
Q313,45-45 42ND STREET,"40.7415889, -73.9227893"
Q316,90-07 101ST AVENUE,"40.683163, -73.8499044"
Q329,26-25 97TH STREET,"40.7615376, -73.8719437"
Q400,156-10 BAISLEY BOULEVARD,"40.6747642, -73.7832326"
Q404,1-50 51ST AVENUE,"40.7430801, -73.9592507"
Q405,32-24 CORPORAL KENNEDY STREET,"40.771101, -73.78021"
Q410,100-00 BEACH CHANNEL DRIVE,"40.5866656, -73.823435"
Q415,57-00 223RD STREET,"40.7519018, -73.7565313"
Q420,143-10 SPRINGFIELD BOULEVARD,"40.6681047, -73.7578985"
Q425,63-25 MAIN STREET,"40.7386635, -73.8239238"
Q430,58-20 UTOPIA PARKWAY,"40.7404652, -73.7936092"
Q435,230-17 HILLSIDE AVENUE,"40.7339036, -73.7392943"
Q440,67-01 110 STREET,"40.7297887, -73.8447471"
Q445,48-10 31 AVENUE,"40.7576896, -73.9103778"
Q450,28-01 41 AVENUE,"40.7516035, -73.9368126"
Q451,28-04 41 AVENUE,"40.7512822, -73.9373618"
Q452,14-30 BROADWAY,"40.7658055, -73.9327831"
Q455,48-01 90 STREET,"40.7408369, -73.8739856"
Q456,105-25 HORACE HARDING EXPY N,"40.737637, -73.853408"
Q460,35-01 UNION STREET,"40.7649611, -73.8268783"
Q465,8-21 BAY 25 STREET,"40.601532, -73.763979"
Q470,167-01 GOTHIC DRIVE,"40.7142206, -73.7980266"
Q475,89-30 114 STREET,"40.694945, -73.8337521"
Q480,101-01 ROCKAWAY BOULEVARD,"40.6786025, -73.8369699"
Q485,21-27 HIMROD STREET,"40.7116318, -73.9091661"
Q490,207- 01 116TH  AVENUE,"40.6981894, -73.7460089"
Q499,148-20 REEVES AVENUE,"40.7383323, -73.8202796"
Q505,160-05 HIGHLAND AVENUE,"40.7095227, -73.8024716"
Q515,149-11 MELBOURNE AVENUE,"40.7349867, -73.821365"
Q520,45-35 VAN DAM STREET,"40.7433987, -73.9333333"
Q566,74-20 COMMONWEALTH BLVD,"40.744121, -73.728799"
Q570,35-12 35TH AVENUE,"40.7561132, -73.9251542"
Q585,54-40 74TH STREET,"40.7291615, -73.8877613"
Q595,162-02 HILLSIDE AVENUE,"40.7082839, -73.799558"
Q600,37-02 47 AVENUE,"40.7422205, -73.9283762"
Q610,45-30 36 STREET,"40.743581, -73.9292176"
Q620,165-65 84 AVENUE,"40.7163629, -73.798836"
Q633,171-10 LINDEN BOULEVARD,"40.6916647, -73.7789875"
Q636,94-25 117TH STREET,"40.6928555, -73.8291655"
Q650,94-06 104TH STREET,"40.6892738, -73.8412316"
Q680,150-91 87 ROAD,"40.7084312, -73.8041965"
Q686,91-30 METROPOLITAN AVENUE,"40.7088482, -73.8558219"
Q690,116-25 GUY R BREWER BOULEVARD,"40.6859687, -73.7834452"
Q695,160-20 GOETHALS AVENUE,"40.71855, -73.805991"
Q707,75-40 PARSONS BOULEVARD,"40.7253501, -73.8113254"
Q721,41-15 104 STREET,"40.7490162, -73.8606471"
Q722,57-12 94 STREET,"40.7358729, -73.8675318"
Q725,21-16 44TH ROAD,"40.7485098, -73.9464833"
Q733,90-01 SUTPHIN BOULEVARD,"40.7028197, -73.8079845"
Q735,30-20 THOMSON AVENUE,"40.7445464, -73.9369204"
Q739,23-15 NEWTOWN AVENUE,"40.7713147, -73.9241879"
Q744,45-10 94TH STREET,"40.743204, -73.871482"
Q774,94-50 159 STREET,"40.7009286, -73.7983153"
Q792,141-25 77TH ROAD,"40.7205192, -73.8192992"
Q798,34-12 36 AVENUE,"40.7550475, -73.9269635"
Q799,188-04 91ST AVENUE,"40.7119479, -73.7709316"
Q811,61-25 MARATHON PARKWAY,"40.756146, -73.7287858"
Q841,48-29 37TH STREET,"40.739421, -73.928638"
Q849,976 SENECA AVENUE,"40.6992691, -73.9019879"
Q868,48-09 CENTER BOULEVARD,"40.7444645, -73.9576657"
Q877,76-05 51 AVENUE,"40.737207, -73.887005"
Q884,103-22 99 STREET,"40.682272, -73.841648"
Q891,47-07 30TH PLACE,"40.7427084, -73.9363284"
Q985,15-15 HAZEN STREET,"40.7700694, -73.8974323"
QAPM,74-03 COMMONWEALTH BOULEVARD,"40.7458334, -73.7264836"
QAZJ,269-01 76th Avenue,"40.7541753, -73.7084484"
R001,58 SUMMIT STREET,"40.5088345, -74.2440251"
R002,333 MIDLAND AVENUE,"40.5770938, -74.1001504"
R003,80 SOUTH GOFF AVENUE,"40.520825, -74.211845"
R004,200 NEDRA LANE,"40.5523733, -74.1955161"
R005,348 DEISIUS STREET,"40.529697, -74.1875322"
R006,555 PAGE AVENUE,"40.5102741, -74.2304292"
R007,1270 HUGUENOT AVENUE,"40.5240906, -74.1861831"
R008,112 LINDENWOOD ROAD,"40.5476445, -74.1519507"
R011,50 JEFFERSON STREET,"40.7128138, -73.9885083"
R013,191 VERMONT AVENUE,"40.6131457, -74.0691497"
R014,100 TOMPKINS AVENUE,"40.622418, -74.079229"
R016,80 MONROE AVENUE,"40.6397293, -74.0795821"
R018,221 BROADWAY,"40.7116963, -74.0084032"
R019,780 POST AVENUE,"40.630563, -74.1268879"
R020,161 PARK AVENUE,"40.696444, -73.973076"
R021,168 HOOKER PLACE,"40.6313074, -74.1446112"
R022,1860 FOREST AVENUE,"40.6249594, -74.1506485"
R023,30 NATICK STREET,"40.5706912, -74.133509"
R024,225 CLEVELAND AVENUE,"40.5457934, -74.1455611"
R026,4108 VICTORY BOULEVARD,"40.5915602, -74.1902344"
R027,11 CLOVE LAKE PLACE,"40.6282837, -74.1175923"
R029,1581 VICTORY BOULEVARD,"40.6139436, -74.1162359"
R030,200 WARDWELL AVENUE,"40.6180283, -74.1331607"
R031,55 LAYTON AVENUE,"40.6419543, -74.0854572"
R032,32 ELVERTON AVENUE,"40.5552086, -74.1542097"
R034,528 ACADEMY AVENUE,"40.5078027, -74.2432209"
R035,60 FOOTE AVENUE,"40.6135779, -74.0989589"
R036,255 IONIA AVENUE,"40.5432382, -74.1825783"
R038,421 LINCOLN AVENUE,"40.574938, -74.099425"
R039,71 SAND LANE,"40.5978544, -74.0703148"
R040,91 HENDERSON AVENUE,"40.641176, -74.09546"
R041,216 CLAWSON STREET,"40.5739225, -74.1090805"
R043,100 ESSEX DRIVE,"40.581969, -74.15936"
R044,80 MAPLE PARKWAY,"40.6315864, -74.1570676"
R045,58 LAWRENCE AVENUE,"40.6283058, -74.1075161"
R046,41 REID AVENUE,"40.5942107, -74.0805212"
R048,1055 TARGEE STREET,"40.60259, -74.090333"
R049,101 WARREN STREET,"40.7160005, -74.0126088"
R050,200 ADELAIDE AVENUE,"40.5614875, -74.1249262"
R051,20 HOUSTON STREET,"40.7253131, -73.9959032"
R052,450 BUEL AVENUE,"40.5824372, -74.0886964"
R053,330 DURANT AVENUE,"40.5521285, -74.137382"
R054,1060 WILLOWBROOK ROAD,"40.6027789, -74.137628"
R055,54 OSBORNE STREET,"40.536389, -74.1634219"
R056,250 KRAMER AVENUE,"40.5419596, -74.2139675"
R057,140 PALMA DRIVE,"40.611011, -74.0835877"
R058,77 MARSH AVENUE,"40.5830656, -74.1606873"
R059,300 Richmond Terrace,"40.6477881, -74.0832497"
R060,55 MERRILL AVENUE,"40.6105562, -74.1623285"
R061,445 CASTLETON AVENUE,"40.634527, -74.097992"
R069,144 KEATING PLACE,"40.5912272, -74.1575603"
R071,1050 Targee Street,"40.6028354, -74.0919815"
R072,33 FERNDALE AVENUE,"40.5924704, -74.1585325"
R075,455 HUGUENOT AVENUE,"40.5443689, -74.1972009"
R435,465 NEW DORP LANE,"40.5695781, -74.1073767"
R440,485 CLAWSON STREET,"40.567929, -74.115695"
R445,85 ST JOSEPHS AVENUE,"40.634843, -74.142015"
R450,105 HAMILTON AVENUE,"40.6820978, -74.0051168"
R455,100 LUTEN AVENUE,"40.528303, -74.193519"
R460,1200 MANOR ROAD,"40.5972844, -74.125202"
R470,109 RHINE AVENUE,"40.6107961, -74.0867683"
R600,290 ST MARKS PLACE,"40.7266622, -73.9831241"
R722,155 TOMPKINS AVENUE,"40.6940374, -73.9458322"
R825,6581 HYLAN BOULEVARD,"40.5103092, -74.2197684"
R829,98 GRANT STREET,"40.6337087, -74.078261"
R831,211 DANIEL LOW TERRACE,"40.6388374, -74.0794943"
R840,15 FAIRFIELD STREET,"40.5640675, -74.1514242"
R861,280 REGIS DRIVE,"40.620326, -74.164432"
R880,715 OCEAN TERRACE,"40.6084411, -74.1052619"
X001,335 EAST 152 STREET,"40.8191006, -73.9194097"
X002,1363 FULTON AVENUE,"40.8339721, -73.9027472"
X003,2100 LAFONTAINE AVENUE,"40.8501633, -73.8916561"
X004,1701 FULTON AVENUE,"40.8412417, -73.8984918"
X005,564 JACKSON AVENUE,"40.8136127, -73.9084287"
X006,1000 EAST TREMONT AVENUE,"40.8406052, -73.8821899"
X007,3201 KINGSBRIDGE AVENUE,"40.8816677, -73.9058618"
X008,3010 BRIGGS AVENUE,"40.8725525, -73.8833653"
X009,230 EAST 183 STREET,"40.8568025, -73.8989065"
X011,1257 OGDEN AVENUE,"40.8397302, -73.9259128"
X012,2555 TRATMAN AVENUE,"40.8404321, -73.8444386"
X014,3041 BRUCKNER BOULEVARD,"40.8355351, -73.8258615"
X015,2195 ANDREWS AVENUE,"40.8591649, -73.9097332"
X016,4550 CARPENTER AVENUE,"40.9023697, -73.8545464"
X018,502 MORRIS AVENUE,"40.8162486, -73.9225849"
X019,4318 KATONAH AVENUE,"40.8993214, -73.8672232"
X020,3050 WEBSTER AVENUE,"40.8696176, -73.8790124"
X021,715 EAST 225 STREET,"40.8879399, -73.8594064"
X022,270 EAST 167 STREET,"40.8322775, -73.9141419"
X023,2151 WASHINGTON AVENUE,"40.8533597, -73.8947984"
X024,660 WEST 236 STREET,"40.8876623, -73.9135704"
X025,811 EAST 149 STREET,"40.8128539, -73.9057252"
X026,1930 ANDREWS AVENUE,"40.8543673, -73.9130235"
X027,519 ST ANNS AVENUE,"40.8133771, -73.9138098"
X028,1861 ANTHONY AVENUE,"40.8483384, -73.9037018"
X029,758 COURTLANDT AVENUE,"40.8216111, -73.9167681"
X030,510 EAST 141 STREET,"40.8090647, -73.9175195"
X032,690 EAST 183 STREET,"40.8519542, -73.8860736"
X033,2424 JEROME AVENUE,"40.8616747, -73.901633"
X034,770 GROTE STREET,"40.8504842, -73.8838411"
X035,261 EAST 163 STREET,"40.8276096, -73.9180902"
X036,1070 CASTLE HILL AVENUE,"40.829446, -73.849749"
X037,360 WEST 230 STREET,"40.8798395, -73.9107885"
X039,965 LONGWOOD AVENUE,"40.8177584, -73.8978272"
X040,468 EAST 140 STREET,"40.8092157, -73.9200317"
X041,3352 OLINVILLE AVENUE,"40.874682, -73.8678767"
X042,1537 WASHINGTON AVENUE,"40.8385594, -73.9030255"
X043,165 BROWN PLACE,"40.8064193, -73.9214243"
X044,1825 PROSPECT AVENUE,"40.8426051, -73.890915"
X045,2502 LORILLARD PLACE,"40.8584306, -73.8870393"
X046,279 EAST 196 STREET,"40.8669496, -73.8906272"
X047,1794 EAST 172 STREET,"40.8325249, -73.8669819"
X048,1290 SPOFFORD AVENUE,"40.8142282, -73.886889"
X049,383 EAST 139 STREET,"40.810342, -73.9226265"
X050,1550 VYSE AVENUE,"40.8342374, -73.8871441"
X053,360 EAST 168 STREET,"40.832774, -73.9118311"
X054,2703 WEBSTER AVENUE,"40.8649367, -73.8877927"
X055,450 SAINT PAUL'S PLACE,"40.8359726, -73.9048381"
X057,2111 CROTONA AVENUE,"40.8487109, -73.8889123"
X058,459 EAST 176 STREET,"40.8462754, -73.8988781"
X059,2185 BATHGATE AVENUE,"40.8530603, -73.8934211"
X060,888 REV J A POLITE AVE,"40.820082, -73.8986467"
X061,1550 CROTONA PARK EAST,"40.8363593, -73.8927497"
X062,660 FOX STREET,"40.8138751, -73.9001902"
X063,1260 FRANKLIN AVENUE,"40.8308954, -73.9023857"
X064,1425 WALTON AVENUE,"40.840366, -73.9157164"
X065,677 EAST 141 STREET,"40.8077306, -73.9127678"
X066,1001 JENNINGS STREET,"40.8313935, -73.8865838"
X067,2024 MOHEGAN AVENUE,"40.8438837, -73.8843165"
X068,4011 MONTICELLO AVENUE,"40.8914828, -73.838736"
X069,560 THIERIOT AVENUE,"40.8168367, -73.8605406"
X070,1691 WEEKS AVENUE,"40.8443936, -73.9080233"
X071,3040 ROBERTS AVENUE,"40.8455954, -73.8296383"
X072,2951 DEWEY AVENUE,"40.8231581, -73.8181364"
X073,1020 ANDERSON AVENUE,"40.8326204, -73.9264852"
X074,730 BRYANT AVENUE,"40.8155936, -73.8852377"
X075,984 FAILE STREET,"40.82229, -73.88896"
X076,900 ADEE AVENUE,"40.8691644, -73.8609059"
X077,1250 WARD AVENUE,"40.8309062, -73.877497"
X078,1400 NEEDHAM AVENUE,"40.8784651, -73.8505799"
X079,125 EAST 181 STREET,"40.8552107, -73.9032639"
X080,3202 STEUBEN AVENUE,"40.8771786, -73.8815462"
X081,5550 RIVERDALE AVENUE,"40.9034547, -73.9046818"
X082,1700 MACOMBS ROAD,"40.8494606, -73.9155291"
X083,950 RHINELANDER AVENUE,"40.8491668, -73.8588608"
X084,1434 LONGFELLOW AVENUE,"40.8302019, -73.8874708"
X085,2400 MARION AVENUE,"40.8588521, -73.8948287"
X086,2756 RESERVOIR AVENUE,"40.8698472, -73.8982631"
X087,1935 BUSSING AVENUE,"40.8953629, -73.8458246"
X088,1340 SHERIDAN AVENUE,"40.8370196, -73.9135492"
X089,980 MACE AVENUE,"40.8625634, -73.8592019"
X090,1116 SHERIDAN AVENUE,"40.8320329, -73.9175191"
X091,2200 AQUEDUCT AVENUE,"40.8577351, -73.9078121"
X092,700 EAST 179 STREET,"40.8463352, -73.8893226"
X093,1535 STORY AVENUE,"40.822513, -73.877255"
X094,3530 KINGS COLLEGE PLACE,"40.8805095, -73.8752665"
X095,3961 HILLMAN AVENUE,"40.8830219, -73.891672"
X096,650 WARING AVENUE,"40.8609206, -73.8689722"
X097,1375 MACE AVENUE,"40.8630715, -73.8469469"
X098,1619 BOSTON ROAD,"40.835806, -73.89101"
X099,1180 REV. J.A. POLITE AVE.,"40.827719, -73.8970008"
X100,800 TAYLOR AVENUE,"40.8219102, -73.8626151"
X101,2750 LAFAYETTE AVENUE,"40.8272139, -73.8292124"
X102,1827 ARCHER STREET,"40.8382117, -73.8660262"
X103,4125 CARPENTER AVENUE,"40.8923187, -73.8618979"
X104,1449 SHAKESPEARE AVENUE,"40.8435527, -73.9206652"
X105,725 BRADY AVENUE,"40.8527674, -73.8664014"
X106,2120 ST RAYMOND'S AVENUE,"40.8371047, -73.8548399"
X107,1695 SEWARD AVENUE,"40.8188865, -73.8686089"
X108,1166 NEILL AVENUE,"40.8545351, -73.8529191"
X109,1771 POPHAM AVENUE,"40.8516372, -73.9187717"
X110,580 CROTONA PARK SOUTH,"40.8349726, -73.9003037"
X111,3740 BAYCHESTER AVENUE,"40.884355, -73.839263"
X112,1925 SCHIEFFELIN AVENUE,"40.8847919, -73.8439954"
X113,3710 BARNES AVENUE,"40.880634, -73.860155"
X114,1155 CROMWELL AVENUE,"40.8350072, -73.9233472"
X115,120 EAST 184 STREET,"40.8595059, -73.9004749"
X116,977 FOX STREET,"40.8220835, -73.8940382"
X117,1865 MORRIS AVENUE,"40.8485793, -73.9087458"
X118,577 EAST 179 STREET,"40.8485594, -73.8925699"
X119,1075 PUGSLEY AVENUE,"40.8285665, -73.8568685"
X120,890 CAULDWELL AVENUE,"40.8223029, -73.9066864"
X121,2750 THROOP AVENUE,"40.8669435, -73.8504668"
X122,260 W KINGSBRIDGE RD,"40.8724811, -73.905299"
X123,1025 MORRISON AVENUE,"40.8249888, -73.8739048"
X125,1111 PUGSLEY AVENUE,"40.8294144, -73.8567829"
X126,175 WEST 166 STREET,"40.8362011, -73.9283456"
X127,1560 PURDY STREET,"40.8384942, -73.8532006"
X129,2055 MAPES AVENUE,"40.8456823, -73.8865322"
X130,750 PROSPECT AVENUE,"40.8177775, -73.9018306"
X131,885 BOLTON AVENUE,"40.8233189, -73.8600615"
X132,1245 WASHINGTON AVENUE,"40.8320812, -73.9069508"
X134,1330 BRISTOW STREET,"40.831595, -73.894227"
X135,2441 WALLACE AVENUE,"40.8620602, -73.8645884"
X136,750 JENNINGS STREET,"40.8313619, -73.8980758"
X137,2225 WEBSTER AVENUE,"40.8546548, -73.8970362"
X138,2060 LAFAYETTE AVENUE,"40.8223735, -73.8528307"
X139,345 BROOK AVENUE,"40.8102073, -73.9183901"
X140,916 EAGLE AVENUE,"40.8233742, -73.907378"
X141,660 WEST 237 STREET,"40.8877008, -73.913605"
X142,3750 BAYCHESTER AVENUE,"40.8860434, -73.8405764"
X143,120 WEST 231 STREET,"40.8754507, -73.9015164"
X144,2545 GUNTHER AVENUE,"40.8642904, -73.8365658"
X145,1000 TELLER AVENUE,"40.8277475, -73.9137728"
X146,968 CAULDWELL AVENUE,"40.8251247, -73.90592"
X147,1600 WEBSTER AVENUE,"40.840523, -73.904343"
X148,3630 THIRD AVENUE,"40.8052398, -73.9347122"
X149,360 EAST 145 STREET,"40.8135073, -73.9204774"
X150,920 EAST 167 STREET,"40.8261982, -73.8942729"
X151,250 EAST 156 STREET,"40.8225387, -73.9214871"
X152,1007 EVERGREEN AVENUE,"40.8239782, -73.880504"
X153,650 BAYCHESTER AVENUE,"40.8730453, -73.8333448"
X154,333 EAST 135 STREET,"40.8082547, -73.9257485"
X155,470 JACKSON AVENUE,"40.8109323, -73.9093063"
X156,750 CONCOURSE VILLAGE WEST,"40.8230091, -73.9228399"
X157,757 CAULDWELL AVENUE,"40.8192621, -73.9090649"
X158,800 HOME STREET,"40.8273874, -73.9005294"
X159,2315 WASHINGTON AVENUE,"40.8555172, -73.8932821"
X160,4140 HUTCHINSON RIVER PKWAY EA,"40.8641361, -73.8239598"
X161,628 TINTON AVENUE,"40.8145072, -73.9051591"
X162,600 SAINT ANN'S AVENUE,"40.8147024, -73.9120362"
X163,2075 WEBSTER AVENUE,"40.851773, -73.8987943"
X166,250 EAST 164 STREET,"40.8281114, -73.9176612"
X167,1970 WEST FARMS ROAD,"40.8391826, -73.8802804"
X169,3500 EDSON AVENUE,"40.8809604, -73.8396423"
X170,1598 TOWNSEND AVENUE,"40.8445236, -73.9132748"
X173,1871 WALTON AVENUE,"40.8488255, -73.9096989"
X174,456 WHITE PLAINS ROAD,"40.8150174, -73.8560177"
X175,200 CITY ISLAND AVENUE,"40.84379, -73.7846911"
X177,3177 WEBSTER AVENUE,"40.872439, -73.875912"
X178,850 BAYCHESTER AVENUE,"40.8751461, -73.8330952"
X180,700 BAYCHESTER AVENUE,"40.8732041, -73.8321785"
X181,800 BAYCHESTER AVENUE,"40.874988, -73.8321783"
X182,601 STICKBALL BOULEVARD,"40.818892, -73.856982"
X183,339 MORRIS AVENUE,"40.8134243, -73.925896"
X184,778 FOREST AVENUE,"40.6290261, -74.1153036"
X189,3441 STEENWICK AVENUE,"40.8830639, -73.8309085"
X192,650 HOLLYWOOD AVENUE,"40.8269968, -73.8182715"
X193,1919 PROSPECT AVENUE,"40.8438503, -73.8900634"
X194,2365 WATERBURY AVE,"40.8352361, -73.8465466"
X198,1180 TINTON AVENUE,"40.8287148, -73.9004516"
X205,2475 SOUTHERN BOULEVARD,"40.855742, -73.8814069"
X206,2280 AQUEDUCT AVENUE,"40.8596038, -73.9062749"
X209,313 EAST 183RD STREET,"40.8567707, -73.897431"
X211,560 EAST 179 STREET,"40.8483469, -73.8935606"
X229,275 HARLEM RIVER PARK BRIDGE,"40.8531051, -73.9207038"
X234,2050 PROSPECT AVENUE,"40.8460674, -73.8870195"
X235,1220 GERARD AVENUE,"40.8356937, -73.9196626"
X240,1501 JEROME AVENUE,"40.8428109, -73.916384"
X254,2452 WASHINGTON AVENUE,"40.858858, -73.8898414"
X279,2100 WALTON AVENUE,"40.8547513, -73.9050236"
X283,400 EAST FORDHAM ROAD,"40.8613045, -73.8912827"
X285,200 West 167th Street,"40.8382011, -73.9280842"
X292,800 LYDIG AVENUE,"40.854327, -73.8636587"
X306,40 WEST TREMONT AVENUE,"40.8513486, -73.9107122"
X338,1780 DR. MARTIN LUTHER KING JR. BLVD,"40.8499949, -73.915226"
X340,25 WEST 195 STREET,"40.8694289, -73.897161"
X360,2880 KINGSBRIDGE TERRACE,"40.874718, -73.902209"
X362,921 EAST 228TH STREET,"40.8882379, -73.85261"
X368,2975 TIBBETT AVENUE,"40.8795601, -73.9096739"
X392,928 SIMPSON STREET,"40.8203983, -73.8929382"
X400,1110 BOSTON ROAD,"40.8273033, -73.9045097"
X401,1010 REV. J. A. POLITE AVENUE,"40.8233601, -73.8982976"
X405,3000 EAST TREMONT AVENUE,"40.8401731, -73.8393567"
X410,240 EAST 172 STREET,"40.8396545, -73.911386"
X415,925 ASTOR AVENUE,"40.8604584, -73.8602941"
X420,1300 BOYNTON AVENUE,"40.8323001, -73.8785802"
X423,1551 EAST 172ND STREET,"40.8316935, -73.8774638"
X425,800 EAST GUN HILL ROAD,"40.8751674, -73.8615821"
X430,2780 RESERVOIR AVENUE,"40.8702946, -73.8970188"
X435,500 EAST FORDHAM ROAD,"40.8595162, -73.8885805"
X440,100 WEST MOSHOLU PARKWAY SOUTH,"40.8810884, -73.8875375"
X445,75 WEST 205 STREET,"40.8776621, -73.8910553"
X450,1980 LAFAYETTE AVENUE,"40.8214475, -73.8556542"
X455,750 BAYCHESTER AVENUE,"40.8740855, -73.8320957"
X460,244 EAST 163 STREET,"40.827572, -73.9189269"
X465,4143 THIRD AVENUE,"40.7286292, -73.9906154"
X470,701 ST. ANNS AVENUE,"40.8181294, -73.911476"
X475,99 TERRACE VIEW AVENUE,"40.6368672, -74.1647776"
X498,1640 BRONXDALE AVE,"40.8450308, -73.8579757"
X600,333 EAST 151 STREET,"40.8185183, -73.9199681"
X650,900 TINTON AVENUE,"40.8218507, -73.9028489"
X655,455 SOUTHERN BLVD,"40.8105206, -73.9075854"
X660,2474 CROTONA AVENUE,"40.8552306, -73.8824536"
X701,3540 BIVONA STREET,"40.88264, -73.8322461"
X722,2697 WESTCHESTER AVENUE,"40.8427479, -73.8388996"
X781,695 EAST 182ND STREET,"40.8506322, -73.8865305"
X790,730 CONCOURSE VILLAGE WEST,"40.8225734, -73.9235453"
X819,3030 GODWIN TERRACE,"40.8782767, -73.9062762"
X826,1950 SEDGWICK AVENUE,"40.8555678, -73.9162197"
X834,1330 BRISTOW STREET,"40.831595, -73.894227"
X839,2040 ANTIN PL,"40.8517465, -73.8645056"
X843,2641 GRAND CONCOURSE,"40.865975, -73.895314"
X852,3617 BAINBRIDGE AVENUE,"40.8853282, -73.8780582"
X859,2246 JEROME AVENUE,"40.8579691, -73.903757"
X876,1710 WEBSTER AVENUE,"40.8433729, -73.9030014"
X878,1021 JENNINGS STREET,"40.8310788, -73.8858401"
X879,1122 EAST 180 STREET,"40.8414085, -73.8751735"
X884,350 GERARD AVENUE,"40.8158033, -73.9298282"
X886,124 EAMES PLACE,"40.8691451, -73.9018361"
X905,2925 GOULDEN AVENUE,"40.8748282, -73.8952168"
X953,3450 EAST TREMONT AVENUE,"40.8318043, -73.8276329"
X963,639 ST. ANNS AVENUE,"40.816528, -73.9117597"
X970,1595 BATHGATE AVENUE,"40.8394571, -73.9018947"
X972,1440 STORY AVENUE,"40.8211129, -73.8805822"
X973,1716 SOUTHERN BOULEVARD,"40.8368388, -73.8876706"
X991,560 BROOK AVENUE,"40.8156277, -73.913902"
